CustomerID,TransactionAfterStartDate(Days),TotalTransactions,CustomerLife(Days),DaysSinceLastTransaction,AvgDaysBetweenTransactions,AvgTransactionsPerMonth,AvgTransactionValue,MaxTransactionValue,MinTransactionValue,Revenue,ActiveMonths,InactiveMonths,NoOfWeekendTransactions,NoOfWeekdayTransactions,MaxGapBetweentransactions,Churner
12347,6,7,365,1,60.833333333333336,1.0,23.681318681318682,249.60000000000002,5.04,4310.0,7,6,0,7,90,False
12348,15,4,282,74,94.0,1.0,53.23111111111111,150.0,13.200000000000001,1437.24,4,9,1,3,173,True
12352,77,7,260,35,43.333333333333336,1.75,17.996623376623376,38.25,9.9,1385.74,4,9,0,7,181,False
12362,78,10,292,2,32.44444444444444,1.25,18.5048046875,59.9,2.88,4737.23,8,5,0,10,70,False
12370,13,4,309,50,103.0,1.3333333333333333,20.739030303030304,163.2,1.25,3421.94,3,10,0,4,223,False
12383,21,5,167,184,41.75,1.0,17.325106382978724,65.69999999999999,5.04,1628.56,5,8,0,5,60,True
12388,47,6,311,15,62.2,1.0,27.8066,81.36,9.36,2780.66,6,7,1,5,126,False
12395,2,12,351,18,31.90909090909091,1.5,18.629375,76.5,2.5,2682.63,8,5,1,11,55,False
12407,109,5,214,49,53.5,1.25,20.932222222222222,87.04,2.88,1507.1200000000001,4,9,1,4,84,False
12408,113,5,227,32,56.75,1.25,25.92623762376238,122.39999999999999,2.88,2618.55,4,9,0,5,84,False
12415,36,20,313,23,16.473684210526315,2.0,175.50876923076925,1718.4,0.42,125488.77,10,3,0,20,75,False
12417,16,9,354,2,44.25,1.125,17.62896174863388,59.8,4.5600000000000005,3226.1,8,5,1,8,67,False
12423,20,8,352,0,50.285714285714285,1.0,13.968461538461538,42.96,4.68,1634.31,8,5,0,8,100,False
12427,2,3,349,21,174.5,1.0,24.99285714285714,68.0,12.48,699.8,3,10,0,3,311,False
12428,90,8,257,25,36.714285714285715,1.6,22.317979094076655,135.0,2.34,6405.26,5,8,1,7,94,False
12429,8,4,356,8,118.66666666666667,1.0,36.0468085106383,183.60000000000002,4.68,3388.4,4,9,0,4,163,False
12431,0,15,338,35,24.142857142857142,1.875,27.20991416309013,601.44,5.04,6339.91,8,5,2,13,73,False
12433,0,7,372,0,62.0,1.4,31.847309523809525,203.52,2.88,13375.87,5,8,0,7,274,False
12437,42,18,329,1,19.352941176470587,1.8,24.17070652173913,131.39999999999998,4.68,4447.41,10,3,0,18,79,False
12444,202,5,149,20,37.25,1.0,23.730404624277455,74.85,5.8,4105.36,5,8,0,5,49,False
12451,49,5,313,10,78.25,1.25,25.483059490084987,244.79999999999998,2.88,8995.52,4,9,0,5,152,False
12455,77,5,223,72,55.75,1.0,27.527764705882355,158.4,6.8,2339.86,5,8,0,5,107,True
12457,134,6,172,65,34.4,2.0,34.1955,196.35,5.04,2051.73,3,10,0,6,147,False
12464,64,8,299,9,42.714285714285715,1.6,43.502272727272725,119.6,15.299999999999999,957.05,5,8,0,8,84,False
12471,9,27,362,1,13.923076923076923,2.25,39.700114155251136,876.0,5.04,17388.649999999998,12,1,0,27,55,False
12472,4,7,336,31,56.0,1.0,18.277439759036145,85.92,2.88,6068.11,7,6,2,5,88,False
12474,44,18,312,16,18.352941176470587,2.0,16.487906403940887,70.2,2.2800000000000002,6694.09,9,4,1,17,50,False
12476,12,11,345,15,34.5,1.2222222222222223,26.332232142857144,119.6,3.95,5898.42,9,4,0,11,77,False
12477,72,6,278,22,55.6,1.2,44.065799999999996,390.0,5.04,13219.74,5,8,0,6,138,False
12481,8,10,342,22,38.0,1.4285714285714286,24.056826923076922,122.39999999999999,4.5600000000000005,5003.82,7,6,0,10,113,False
12483,34,8,322,16,46.0,1.1428571428571428,28.10264705882353,85.92,6.959999999999999,1910.98,7,6,1,7,112,False
12490,44,10,324,4,36.0,1.25,20.680553191489363,171.84,4.5600000000000005,4859.93,8,5,2,8,115,False
12494,8,7,349,15,58.166666666666664,1.1666666666666667,15.269014084507043,39.8,4.68,1084.1000000000001,6,7,1,6,121,False
12500,40,11,310,22,31.0,1.5714285714285714,78.07346153846154,624.0,3.0,4059.82,7,6,0,11,98,False
12502,64,5,214,95,53.5,1.0,21.097676056338027,175.2,4.2,2995.87,5,8,0,5,90,True
12518,263,5,109,0,27.25,1.0,15.46966386554622,53.1,5.04,1840.89,5,8,1,4,33,False
12520,100,5,194,78,48.5,1.25,15.96095238095238,65.69999999999999,2.34,2346.2599999999998,4,9,0,5,63,True
12523,42,11,312,18,31.2,1.2222222222222223,16.664411764705882,39.6,9.95,1699.77,9,4,2,9,117,False
12524,40,8,324,8,46.285714285714285,1.1428571428571428,29.01264705882353,152.64000000000001,2.88,3945.72,7,6,1,7,98,False
12528,61,6,303,8,60.6,1.0,19.133488372093023,59.400000000000006,6.72,1645.48,6,7,0,6,127,False
12540,12,17,342,19,21.375,1.5454545454545454,25.11982646420824,175.2,5.04,11580.24,11,2,1,16,51,False
12553,44,10,321,7,35.666666666666664,1.1111111111111112,18.012527472527474,85.92,5.04,3278.28,9,4,1,9,55,False
12557,2,5,355,15,88.75,1.0,363.36242424242425,1350.0,27.2,11990.960000000001,5,8,0,5,142,False
12562,175,7,190,7,31.666666666666668,1.0,21.02944099378882,171.84,5.04,3385.7400000000002,7,6,0,7,49,False
12567,4,10,346,22,38.44444444444444,1.4285714285714286,19.655890410958907,171.8,2.88,8609.28,7,6,3,7,107,False
12569,121,32,250,1,8.064516129032258,3.5555555555555554,20.080828025477707,79.2,4.68,3152.69,9,4,2,30,35,False
12576,69,5,268,35,67.0,1.0,14.952613636363635,34.8,6.6000000000000005,1315.83,5,8,0,5,86,False
12577,14,3,323,34,161.5,1.5,4.2941379310344825,31.200000000000003,0.29,622.65,2,11,0,3,323,False
12583,0,15,370,2,26.428571428571427,1.25,28.9025,132.8,6.8,6705.38,12,1,1,14,72,False
12584,93,9,276,3,34.5,1.125,23.727894736842106,91.80000000000001,5.9,2254.15,8,5,1,8,94,False
12594,51,9,285,37,35.625,1.0,28.142280701754387,85.92,6.959999999999999,3208.2200000000003,9,4,0,9,74,False
12598,89,7,275,9,45.833333333333336,1.4,22.10299212598425,63.6,5.04,2807.08,5,8,1,6,90,False
12599,69,7,275,28,45.833333333333336,1.1666666666666667,16.156000000000002,60.0,7.800000000000001,888.58,6,7,2,5,97,False
12600,2,10,342,28,38.0,1.1111111111111112,42.797037037037036,237.60000000000002,6.72,2311.04,9,4,2,8,58,False
12601,41,5,142,189,35.5,1.0,21.176521739130436,75.60000000000001,5.04,487.06,5,8,0,5,49,True
12619,120,8,237,15,33.857142857142854,1.3333333333333333,35.92146341463415,169.0,5.04,2945.56,6,7,1,7,85,False
12621,8,20,364,1,19.157894736842106,1.6666666666666667,27.64291759465479,350.4,4.5600000000000005,12411.67,12,1,0,20,58,False
12626,47,9,303,22,37.875,1.5,20.892912280701754,136.0,5.04,5954.48,6,7,0,9,154,False
12627,233,6,129,10,25.8,1.2,18.225580357142857,53.1,4.0,4082.53,5,8,1,5,53,False
12637,50,8,256,66,36.57142857142857,1.3333333333333333,15.316358839050132,89.85,0.42,5804.9,6,7,0,8,82,False
12643,41,6,204,127,40.8,1.5,168.98,835.1999999999999,10.08,3041.64,4,9,0,6,112,True
12647,4,12,346,21,31.454545454545453,1.5,28.679727272727273,139.2,6.64,3154.77,8,5,3,9,90,False
12654,78,5,284,10,71.0,1.6666666666666667,15.58764705882353,25.200000000000003,8.5,529.98,3,10,0,5,160,False
12656,140,5,216,16,54.0,1.0,29.910495867768596,254.99999999999997,7.800000000000001,3619.17,5,8,0,5,87,False
12662,0,11,372,0,37.2,1.1,16.10809090909091,41.6,6.8,3543.78,10,3,1,10,64,False
12664,51,9,314,7,39.25,1.2857142857142858,156.85285714285715,270.0,6.6000000000000005,4391.88,7,6,0,9,90,False
12668,18,4,343,11,114.33333333333333,1.0,20.236624203821655,102.0,4.5600000000000005,3177.15,4,9,1,3,247,False
12670,141,5,222,9,55.5,1.25,31.54080459770115,90.0,7.800000000000001,2744.05,4,9,0,5,101,False
12676,62,6,286,24,57.2,1.0,27.984358974358976,114.45,8.4,1091.39,6,7,0,6,70,False
12678,20,10,311,41,34.55555555555556,1.25,104.97745222929936,1632.48,1.95,16481.46,8,5,1,9,68,False
12681,6,22,353,14,16.80952380952381,2.2,20.073928571428574,214.8,4.5600000000000005,12365.54,10,3,3,19,74,False
12682,2,31,367,3,12.233333333333333,2.3846153846153846,22.262262626262626,386.64,5.04,11019.82,13,0,1,30,40,False
12683,8,14,361,3,27.76923076923077,1.5555555555555556,22.99870090634441,175.2,4.68,7612.57,9,4,0,14,79,False
12684,160,6,205,7,41.0,1.2,21.15948979591837,93.6,4.5600000000000005,2073.63,5,8,0,6,106,False
12685,280,6,65,27,13.0,2.0,17.053509933774833,66.4,5.04,2575.08,3,10,1,5,22,False
12691,16,5,329,27,82.25,1.0,34.36296296296296,158.39999999999998,7.800000000000001,927.8,5,8,1,4,173,False
12704,204,8,162,6,23.142857142857142,1.6,21.49185185185185,128.88,5.0,1740.84,5,8,0,8,42,False
12705,16,8,341,14,48.714285714285715,1.1428571428571428,19.458201219512194,102.0,2.88,6382.29,7,6,1,7,111,False
12708,5,10,338,29,37.55555555555556,1.1111111111111112,16.61843537414966,53.1,6.8,2442.91,9,4,0,10,77,False
12709,7,15,351,14,25.071428571428573,1.5,46.53722772277228,350.4,0.83,9400.52,10,3,1,14,42,False
12712,2,13,342,28,28.5,1.3,32.73441666666667,142.8,8.25,3928.13,10,3,0,13,57,False
12714,79,5,285,8,71.25,1.0,16.908897637795274,81.6,2.2800000000000002,4294.86,5,8,0,5,97,False
12720,4,25,366,2,15.25,1.9230769230769231,14.958274853801171,56.160000000000004,4.5600000000000005,5115.7300000000005,13,0,2,23,44,False
12721,19,6,323,31,64.6,1.0,15.394387096774194,46.8,2.88,2386.13,6,7,0,6,103,False
12723,308,5,61,3,15.25,1.6666666666666667,10.398088235294118,61.199999999999996,1.65,707.07,3,10,0,5,48,False
12726,16,7,329,27,54.833333333333336,1.0,20.607692307692307,53.1,6.72,2411.1,7,6,1,6,98,False
12727,53,7,309,10,51.5,1.1666666666666667,26.065909090909088,183.60000000000002,4.5600000000000005,3440.7,6,7,2,5,94,False
12731,9,12,341,23,31.0,1.2,68.68831501831502,475.20000000000005,5.04,18751.91,10,3,0,12,59,False
12747,4,11,366,1,36.6,1.2222222222222223,40.737961165048546,243.0,10.2,4196.01,9,4,1,10,65,False
12748,0,206,372,0,1.8146341463414635,15.846153846153847,7.198267000227427,528.0,0.06,31650.78,13,0,23,183,30,False
12749,160,5,209,3,52.25,1.25,20.55718592964824,114.75,6.64,4090.88,4,9,0,5,107,False
12753,11,6,339,22,67.8,1.0,108.77862944162436,429.59999999999997,15.299999999999999,21429.39,6,7,1,5,113,False
12757,162,9,195,15,24.375,1.8,11.666899441340782,89.85,0.29,4176.75,5,8,0,9,78,False
12766,7,7,362,3,60.333333333333336,1.0,21.103366013071895,81.6,3.4799999999999995,6457.63,7,6,1,6,91,False
12775,62,5,294,16,73.5,1.0,21.000655737704918,59.4,7.9,1281.04,5,8,0,5,172,False
12778,61,6,292,19,58.4,1.2,15.755227272727273,45.0,5.04,693.23,5,8,1,5,119,False
12779,2,8,333,37,47.57142857142857,1.0,26.72053691275168,102.0,8.4,3981.36,8,5,0,8,152,False
12782,16,5,352,4,88.0,1.0,19.784897959183674,59.400000000000006,4.68,1938.92,5,8,0,5,144,False
12808,5,3,331,36,165.5,1.0,16.875925925925927,20.8,9.95,455.65000000000003,3,10,0,3,184,False
12823,77,5,221,74,55.25,1.25,351.9,535.5,229.5,1759.5,4,9,0,5,127,True
12826,8,7,362,2,60.333333333333336,1.1666666666666667,16.205714285714286,35.400000000000006,4.5600000000000005,1474.72,6,7,0,7,137,False
12828,243,6,127,2,25.4,1.5,18.19125,45.9,1.0,1018.71,4,9,0,6,58,False
12830,202,6,134,37,26.8,1.5,179.33263157894737,587.52,51.84,6814.64,4,9,0,6,53,False
12838,0,2,340,33,340.0,1.0,5.599583333333333,35.400000000000006,0.42,671.95,2,11,1,1,340,False
12839,6,14,364,2,28.0,1.4,17.80707006369427,70.80000000000001,2.98,5591.42,10,3,0,14,89,False
12841,2,25,367,4,15.291666666666666,1.9230769230769231,9.641497584541062,107.28,0.42,3991.58,13,0,7,18,41,False
12843,109,8,198,65,28.285714285714285,1.6,16.526796116504855,59.400000000000006,0.78,1702.26,5,8,2,6,93,False
12853,58,6,181,134,36.2,2.0,25.09102564102564,81.6,10.2,1957.1000000000001,3,10,0,6,104,True
12856,310,6,55,7,11.0,2.0,6.98,49.92,0.55,2170.78,3,10,0,6,17,False
12867,13,7,333,25,55.5,1.0,7.50812734082397,74.7,0.39,4009.34,7,6,2,5,70,False
12868,0,6,187,185,37.4,1.2,15.0192523364486,31.6,3.12,1607.0600000000002,5,8,0,6,50,True
12877,15,12,354,3,32.18181818181818,1.0909090909090908,9.972532467532467,79.2,0.58,1535.77,11,2,2,10,54,False
12901,103,28,261,8,9.666666666666666,2.8,152.19431034482758,1519.8,0.85,17654.54,10,3,2,26,27,False
12906,295,5,66,11,16.5,2.5,46.34619047619047,360.0,9.36,2919.81,2,11,0,5,66,False
12909,120,5,213,39,53.25,1.25,23.941428571428574,290.0,2.88,2178.67,4,9,1,4,114,False
12910,132,8,218,22,31.142857142857142,1.3333333333333333,41.00053333333333,102.0,8.4,3075.04,6,7,0,8,63,False
12912,333,5,37,2,9.25,1.6666666666666667,69.2625,157.92000000000002,20.4,1662.3,3,10,1,4,16,False
12913,5,5,363,4,90.75,1.0,49.6726,204.0,9.36,2483.63,5,8,0,5,266,False
12919,204,6,161,7,32.2,1.2,26.7038,107.28,10.4,1335.19,5,8,0,6,84,False
12921,0,37,364,8,10.11111111111111,3.3636363636363638,23.037625,178.20000000000002,6.8,16587.09,11,2,2,35,47,False
12928,14,5,323,34,80.75,1.0,24.555952380952384,126.0,10.08,2062.7000000000003,5,8,0,5,117,False
12931,16,15,336,21,24.0,1.875,512.8775609756098,4176.0,6.36,42055.96,8,5,0,15,76,False
12935,54,7,317,1,52.833333333333336,1.1666666666666667,16.749612403100773,40.8,7.800000000000001,2160.7,6,7,1,6,115,False
12939,39,8,270,63,38.57142857142857,1.3333333333333333,246.42127659574467,650.88,69.12,11581.8,6,7,2,6,134,False
12944,19,2,319,35,319.0,1.0,20.150333333333332,39.8,10.2,604.51,2,11,0,2,319,False
12947,0,6,229,143,45.8,1.2,16.535979381443298,130.0,3.3600000000000003,1603.99,5,8,0,6,102,True
12948,109,7,248,15,41.333333333333336,1.4,17.801293103448273,46.8,5.04,2064.95,5,8,1,6,109,False
12949,121,8,221,30,31.571428571428573,2.0,19.382418604651164,63.6,5.04,4167.22,4,9,0,8,83,False
12951,43,6,322,8,64.4,1.2,16.89,35.7,2.9,1064.07,5,8,1,5,165,False
12955,106,11,266,0,26.6,1.375,26.428666666666665,157.92000000000002,2.88,4757.16,8,5,0,11,51,False
12957,34,8,329,9,47.0,1.3333333333333333,16.880420168067225,76.5,2.88,4017.54,6,7,0,8,114,False
12963,8,8,357,7,51.0,1.6,19.54347368421053,53.1,9.36,1856.63,5,8,0,8,280,False
12971,1,86,368,3,4.329411764705882,6.615384615384615,36.68822950819672,220.15,5.04,11189.91,13,0,6,80,16,False
12980,15,9,200,157,25.0,1.2857142857142858,368.745,838.8000000000001,91.8,7374.900000000001,7,6,1,8,71,True
12989,9,15,361,2,25.785714285714285,1.3636363636363635,108.18921875000001,810.0,0.39,6924.110000000001,11,2,1,14,69,False
13001,47,13,322,3,26.833333333333332,1.4444444444444444,29.038486646884277,415.00000000000006,0.85,9785.970000000001,9,4,1,12,135,False
13004,15,18,346,11,20.352941176470587,1.6363636363636365,13.999777227722772,39.75,2.88,5655.91,11,2,1,17,36,False
13012,79,8,285,8,40.714285714285715,1.6,18.71409090909091,50.400000000000006,4.68,1646.8400000000001,5,8,0,8,75,False
13013,2,13,370,0,30.833333333333332,1.4444444444444444,21.967762557077627,102.0,5.04,4810.9400000000005,9,4,0,13,122,False
13014,92,10,270,10,30.0,1.6666666666666667,31.666181818181816,175.2,9.95,3483.2799999999997,6,7,0,10,55,False
13015,124,5,195,52,48.75,1.6666666666666667,19.08365714285714,295.0,5.04,3339.64,3,10,0,5,143,False
13018,78,28,279,15,10.333333333333334,2.8,15.890174672489083,83.4,4.5600000000000005,7277.7,10,3,7,21,33,False
13021,15,9,354,3,44.25,1.2857142857142858,19.97236641221374,75.60000000000001,6.64,2616.38,7,6,2,7,96,False
13026,98,5,274,0,68.5,1.0,24.384,159.35999999999999,4.68,975.36,5,8,0,5,127,False
13027,19,6,240,113,48.0,1.2,265.84615384615387,576.0,96.0,6912.0,5,8,0,6,86,True
13029,20,3,322,30,161.0,1.0,124.75,449.09999999999997,10.2,1247.5,3,10,1,2,214,False
13030,5,2,356,10,356.0,1.0,8.178695652173912,47.400000000000006,1.25,752.4399999999999,2,11,0,2,356,False
13034,4,2,314,54,314.0,1.0,17.372162162162162,30.0,5.04,642.77,2,11,2,0,314,False
13047,0,9,317,56,39.625,1.2857142857142858,18.9040350877193,68.0,6.64,3232.59,7,6,1,8,70,False
13050,7,17,351,14,21.9375,1.7,14.510223880597014,79.6,0.83,5833.11,10,3,1,16,57,False
13069,4,24,368,0,16.0,1.8461538461538463,10.451509433962263,244.8,0.38,4431.44,13,0,5,19,47,False
13077,7,4,365,0,121.66666666666667,1.3333333333333333,6.558738738738739,81.36,0.21,728.02,3,10,0,4,289,False
13078,7,26,363,2,14.52,2.0,35.27357541899441,237.60000000000002,2.2800000000000002,12627.94,13,0,2,24,27,False
13079,233,5,136,3,34.0,1.25,36.68333333333334,95.2,17.700000000000003,220.10000000000002,4,9,1,4,53,False
13081,2,11,359,11,35.9,1.5714285714285714,27.75834630350195,207.50000000000003,4.0,28535.58,7,6,0,11,107,False
13082,35,9,212,125,26.5,1.5,49.50178082191781,864.0,8.5,3613.63,6,7,0,9,68,True
13089,4,97,366,2,3.8125,7.461538461538462,32.393649393605294,788.4,4.5600000000000005,58762.08,13,0,7,90,20,False
13090,0,13,364,8,30.333333333333332,1.3,57.765064935064935,612.0,4.68,8895.82,10,3,1,12,71,False
13092,14,5,288,70,72.0,1.0,19.1132,39.8,4.0,477.83,5,8,0,5,141,True
13093,0,8,97,275,13.857142857142858,2.0,49.260817610062894,272.0,5.04,7832.47,4,9,0,8,23,True
13094,5,12,347,20,31.545454545454547,1.2,80.305,152.64000000000001,53.1,1927.3200000000002,10,3,1,11,74,False
13097,13,10,327,32,36.333333333333336,1.1111111111111112,14.259429928741094,75.60000000000001,0.85,6003.22,9,4,3,7,59,False
13098,56,28,316,0,11.703703703703704,2.3333333333333335,50.49377622377622,499.20000000000005,2.5,28882.44,12,1,2,26,33,False
13102,8,24,363,0,15.782608695652174,2.0,21.131875,257.76,2.88,6424.09,12,1,3,21,52,False
13104,19,6,351,2,70.2,1.0,54.924,162.72,10.08,1098.48,6,7,0,6,134,False
13110,62,7,279,30,46.5,1.4,10.266689655172414,47.7,0.42,1488.67,5,8,1,6,120,False
13113,7,24,365,0,15.869565217391305,2.1818181818181817,60.966218905472644,1700.0,0.85,12254.210000000001,11,2,3,21,52,False
13117,1,8,350,21,50.0,1.1428571428571428,12.959342105263158,35.95,1.92,984.91,7,6,0,8,100,False
13118,85,5,269,19,67.25,1.25,15.162151898734177,67.5,0.65,1197.81,4,9,3,2,188,False
13124,14,3,269,89,134.5,1.0,16.920405405405404,114.75,0.78,3756.33,3,10,1,2,162,True
13126,7,8,361,4,51.57142857142857,1.3333333333333333,14.997428571428571,47.7,2.34,2099.64,6,7,0,8,180,False
13136,161,5,156,55,39.0,1.25,20.53236220472441,51.0,9.36,2607.61,4,9,0,5,69,False
13137,65,8,298,10,42.57142857142857,1.1428571428571428,5.244963609898107,39.599999999999994,0.12,3603.29,7,6,3,5,114,False
13138,1,6,350,21,70.0,1.0,15.276031746031746,30.0,9.0,962.39,6,7,0,6,131,False
13139,114,7,243,15,40.5,1.4,29.79376470588235,117.0,6.64,5064.94,5,8,1,6,105,False
13141,58,5,230,84,57.5,1.25,17.694444444444443,71.4,2.5,2388.75,4,9,0,5,129,True
13145,1,4,332,39,110.66666666666667,1.0,103.08666666666666,295.0,15.0,618.52,4,9,0,4,245,False
13148,9,12,335,28,30.454545454545453,2.0,11.805320512820513,62.5,0.39,3683.26,6,7,5,7,104,False
13155,5,4,335,32,111.66666666666667,1.0,11.432470588235294,46.8,0.42,971.76,4,9,1,3,246,False
13165,22,2,305,45,305.0,1.0,24.32095238095238,102.0,2.88,1021.48,2,11,0,2,305,False
13173,6,2,363,3,363.0,1.0,8.224418604651163,30.0,0.42,353.65,2,11,0,2,363,False
13174,4,3,352,15,176.0,1.0,9.379520547945207,49.95,0.42,2738.82,3,10,1,2,299,False
13178,13,11,334,25,33.4,1.375,21.60554716981132,85.92,8.5,5725.47,8,5,1,10,65,False
13183,39,9,326,7,40.75,1.125,42.10404255319149,177.60000000000002,0.79,3957.78,8,5,2,7,73,False
13184,83,10,275,14,30.555555555555557,1.6666666666666667,9.370505617977528,60.0,0.6,1667.95,6,7,0,10,116,False
13198,12,6,351,9,70.2,1.0,15.049734513274338,42.0,2.52,3401.2400000000002,6,7,0,6,110,False
13199,7,37,363,3,10.083333333333334,2.8461538461538463,83.06881355932204,408.0,5.76,9802.12,13,0,1,36,35,False
13208,64,5,249,58,62.25,1.0,8.172397260273973,47.2,0.39,1193.17,5,8,0,5,96,False
13209,12,8,331,29,47.285714285714285,1.3333333333333333,18.35392523364486,85.92,1.25,5891.61,6,7,0,8,98,False
13211,12,3,350,9,175.0,1.0,19.916727272727275,204.0,1.25,1095.42,3,10,0,3,266,False
13213,174,5,142,56,35.5,1.25,16.895333333333333,59.400000000000006,2.88,1520.58,4,9,0,5,71,False
13225,12,7,358,2,59.666666666666664,1.0,201.995,568.8000000000001,56.160000000000004,6463.84,7,6,0,7,82,False
13230,8,14,360,3,27.692307692307693,1.5555555555555556,4.69442930153322,85.0,0.29,2755.63,9,4,5,9,109,False
13232,130,7,230,12,38.333333333333336,1.4,6.605721393034826,36.0,0.39,1327.75,5,8,5,2,82,False
13238,13,4,343,16,114.33333333333333,1.3333333333333333,22.604193548387098,104.0,12.48,700.73,3,10,0,4,196,False
13240,8,4,269,95,89.66666666666667,1.0,9.82878787878788,30.599999999999998,1.65,648.7,4,9,3,1,108,True
13246,43,6,312,17,62.4,1.2,14.422941176470587,174.0,0.65,1961.52,5,8,1,5,158,False
13255,0,2,364,8,364.0,1.0,30.73153846153846,90.0,14.95,399.51,2,11,0,2,364,False
13263,48,34,323,0,9.787878787878787,3.090909090909091,4.4595126353790615,122.39999999999999,0.19,7411.71,11,2,1,33,46,False
13265,100,5,220,52,55.0,1.0,23.251777777777775,232.0,4.0,2092.66,5,8,0,5,95,False
13266,117,12,245,10,22.272727272727273,1.3333333333333333,20.504064171122995,117.0,4.5600000000000005,3834.2599999999998,9,4,1,11,45,False
13267,7,19,364,2,20.22222222222222,1.9,21.428862559241704,76.5,8.2,4521.49,10,3,1,18,56,False
13268,106,10,249,17,27.666666666666668,1.6666666666666667,7.297939814814815,60.0,0.38,3152.71,6,7,0,10,84,False
13269,4,15,368,0,26.285714285714285,1.5,16.96279365079365,177.60000000000002,0.84,5343.28,10,3,2,13,110,False
13305,1,10,368,3,40.888888888888886,1.1111111111111112,24.701975308641973,63.6,9.36,2000.86,9,4,1,9,99,False
13309,65,5,301,6,75.25,1.0,13.614859813084111,40.5,2.52,1456.79,5,8,0,5,118,False
13313,34,5,317,21,79.25,1.25,19.939999999999998,59.4,5.04,1555.32,4,9,1,4,124,False
13317,15,6,292,65,58.4,1.5,18.336129032258064,40.8,9.36,2273.68,4,9,0,6,132,False
13319,8,26,360,4,14.4,2.0,22.784768907563027,153.0,8.5,10845.550000000001,13,0,1,25,41,False
13323,289,5,81,2,20.25,1.6666666666666667,37.516666666666666,204.0,14.850000000000001,787.85,3,10,0,5,52,False
13324,13,10,324,35,36.0,1.6666666666666667,94.95933333333333,350.4,12.600000000000001,7121.95,6,7,2,8,113,False
13327,8,8,326,38,46.57142857142857,1.1428571428571428,33.59046296296296,99.60000000000001,6.6000000000000005,3627.77,7,6,0,8,73,False
13329,7,2,335,31,335.0,1.0,46.411764705882355,131.39999999999998,10.5,789.0,2,11,0,2,335,False
13340,97,7,231,44,38.5,1.75,80.12298507462687,414.71999999999997,10.08,10736.48,4,9,2,5,131,False
13381,75,6,267,31,53.4,1.0,21.15877906976744,102.0,7.800000000000001,3639.31,6,7,1,5,91,False
13384,195,7,147,30,24.5,1.4,27.315328947368425,232.0,8.4,4151.93,5,8,0,7,49,False
13394,64,8,308,1,44.0,1.0,16.258193548387098,75.60000000000001,1.9,2520.02,8,5,0,8,63,False
13397,34,5,266,72,66.5,1.0,40.635000000000005,162.72,8.5,1544.13,5,8,1,4,111,True
13408,0,62,371,1,6.081967213114754,4.769230769230769,58.82225941422595,306.0,0.39,28117.04,13,0,9,53,22,False
13410,82,5,267,23,66.75,1.0,35.82357142857143,70.2,5.04,1003.06,5,8,1,4,112,False
13418,1,18,360,11,21.176470588235293,2.0,20.156019736842108,250.0,2.4899999999999998,6127.43,9,4,1,17,107,False
13426,14,10,358,0,39.77777777777778,1.1111111111111112,23.193121019108283,149.4,5.04,3641.32,9,4,2,8,93,False
13435,184,7,183,4,30.5,1.1666666666666667,37.72168316831684,180.0,1.25,3809.8900000000003,6,7,3,4,62,False
13437,183,7,175,13,29.166666666666668,1.75,20.40754491017964,102.0,6.72,3408.06,4,9,0,7,67,False
13448,0,6,357,16,71.4,1.5,18.22005154639175,60.0,0.85,3534.69,4,9,0,6,145,False
13450,155,6,191,26,38.2,1.2,28.784788732394365,103.67999999999999,10.08,2043.7199999999998,5,8,3,3,62,False
13451,39,5,308,25,77.0,1.0,6.693441108545034,39.8,0.36,2898.2599999999998,5,8,2,3,99,False
13455,7,2,341,24,341.0,1.0,23.007391304347824,63.75,7.800000000000001,1058.34,2,11,0,2,341,False
13456,166,6,189,17,37.8,1.2,28.043174603174602,207.50000000000003,5.04,1766.72,5,8,0,6,92,False
13458,14,14,352,6,27.076923076923077,1.2727272727272727,25.252801047120418,122.39999999999999,4.5600000000000005,9646.57,11,2,0,14,46,False
13468,0,37,371,1,10.305555555555555,2.8461538461538463,18.89062913907285,163.2,3.1,5704.97,13,0,3,34,25,False
13477,82,6,253,37,50.6,1.0,18.41240506329114,76.5,5.04,1454.58,6,7,1,5,80,False
13481,117,5,211,45,52.75,1.25,16.55559633027523,41.6,5.04,1804.56,4,9,0,5,83,False
13487,20,3,295,57,147.5,1.0,16.923529411764704,35.400000000000006,10.2,575.4,3,10,0,3,155,False
13488,6,13,350,16,29.166666666666668,1.3,21.25191943127962,238.79999999999998,5.04,8968.31,10,3,0,13,54,False
13491,1,10,320,51,35.55555555555556,1.4285714285714286,14.137441860465115,30.599999999999998,2.2800000000000002,1215.82,7,6,0,10,99,False
13495,5,5,360,7,90.0,1.25,42.60145833333333,135.0,10.08,2044.8700000000001,4,9,0,5,196,False
13496,14,2,349,10,349.0,1.0,18.66657142857143,70.80000000000001,5.04,653.33,2,11,0,2,349,False
13499,104,5,252,17,63.0,1.25,27.59785714285714,102.0,6.959999999999999,1159.11,4,9,0,5,151,False
13509,89,6,275,8,55.0,1.2,22.435348837209304,127.2,7.56,964.72,5,8,0,6,154,False
13520,2,6,312,58,62.4,1.0,34.30287356321839,139.2,5.04,2984.35,6,7,0,6,78,False
13523,7,5,333,32,83.25,1.25,23.051627906976744,165.0,6.64,3964.88,4,9,1,4,166,False
13524,154,5,179,40,44.75,1.0,25.191851851851855,40.8,5.9,680.1800000000001,5,8,2,3,71,False
13527,47,7,293,33,48.833333333333336,1.4,10.333456221198157,35.8,1.26,2242.36,5,8,5,2,125,False
13534,15,25,355,1,14.791666666666666,2.0833333333333335,19.83135135135135,41.6,1.95,5870.08,12,1,0,25,54,False
13536,298,7,74,0,12.333333333333334,1.75,19.35050561797753,89.10000000000001,0.42,3444.39,4,9,4,3,26,False
13538,58,7,272,42,45.333333333333336,1.0,51.233999999999995,70.8,17.85,1280.85,7,6,0,7,91,False
13549,131,7,216,25,36.0,1.4,18.00392156862745,45.0,6.8,918.2,5,8,1,6,78,False
13552,58,12,249,65,22.636363636363637,1.7142857142857142,34.31256880733945,119.52000000000001,6.64,3740.07,7,6,0,12,59,False
13569,6,2,350,16,350.0,1.0,4.322051282051282,16.95,0.42,337.12,2,11,0,2,350,False
13571,120,12,240,12,21.818181818181817,1.3333333333333333,6.143941176470588,20.8,0.42,2088.94,9,4,3,9,42,False
13575,197,5,152,22,38.0,1.0,15.914565217391303,41.6,6.959999999999999,732.0699999999999,5,8,0,5,62,False
13576,0,18,362,9,21.294117647058822,1.5,53.312222222222225,244.08,1.25,6717.34,12,1,3,15,35,False
13579,4,2,354,14,354.0,1.0,20.30608695652174,47.7,8.95,467.04,2,11,1,1,354,False
13588,118,9,239,15,29.875,1.5,14.246839080459768,39.599999999999994,0.39,2478.95,6,7,0,9,118,False
13590,70,6,291,10,58.2,1.0,22.780689655172413,113.76,5.04,1981.92,6,7,0,6,99,False
13593,37,5,227,107,56.75,1.25,15.841574803149607,59.5,2.2,2011.88,4,9,1,4,101,True
13599,7,21,365,0,18.25,2.3333333333333335,20.934634146341462,165.0,1.45,5149.92,9,4,0,21,71,False
13610,88,7,273,11,45.5,1.0,5.034093023255814,34.0,0.39,1082.33,7,6,7,0,56,False
13611,14,3,270,88,135.0,1.0,16.033333333333335,60.839999999999996,0.85,1154.4,3,10,1,2,189,True
13623,76,5,266,30,66.5,1.0,9.33,109.5,0.42,727.74,5,8,1,4,179,False
13627,16,5,298,58,74.5,1.0,17.80945652173913,203.52,1.92,1638.47,5,8,0,5,152,False
13629,35,11,315,22,31.5,1.2222222222222223,132.07389830508475,358.0,6.959999999999999,7792.36,9,4,1,10,71,False
13630,88,7,280,4,46.666666666666664,1.1666666666666667,28.61661971830986,158.39999999999998,1.25,2031.78,6,7,3,4,70,False
13631,106,11,167,99,16.7,2.2,279.1290909090909,850.0,40.0,3070.42,5,8,1,10,60,True
13632,130,5,218,24,54.5,1.25,14.613310344827585,60.480000000000004,0.42,2118.93,4,9,2,3,130,False
13634,46,5,293,32,73.25,1.0,8.319139784946238,51.0,0.39,1547.3600000000001,5,8,2,3,135,False
13636,88,5,248,36,62.0,1.0,15.065396825396826,34.0,2.88,949.12,5,8,1,4,130,False
13650,106,6,250,16,50.0,1.2,19.128541666666667,70.80000000000001,6.64,1836.34,5,8,0,6,118,False
13652,5,3,322,45,161.0,1.0,17.38222222222222,27.04,9.899999999999999,1095.08,3,10,0,3,210,False
13654,100,6,230,42,46.0,1.2,16.30921686746988,53.1,2.88,2707.33,5,8,2,4,102,False
13658,169,5,194,9,48.5,1.6666666666666667,24.43675925925926,167.0,9.9,2639.17,3,10,0,5,118,False
13668,11,21,359,2,17.95,1.75,13.628142548596113,203.52,0.85,6309.83,12,1,6,15,56,False
13685,313,7,57,2,9.5,3.5,79.98564102564103,1170.0,0.39,3119.44,2,11,0,7,41,False
13694,0,50,369,3,7.530612244897959,3.8461538461538463,114.50637323943663,622.5,2.32,65039.62,13,0,1,49,26,False
13695,114,15,228,30,16.285714285714285,1.6666666666666667,27.823666666666668,158.39999999999998,9.959999999999999,2504.13,9,4,1,14,32,False
13700,46,10,300,25,33.333333333333336,1.4285714285714286,11.590876288659794,99.60000000000001,0.29,2248.63,7,6,4,6,84,False
13704,285,9,83,4,10.375,2.25,17.224328358208954,51.0,2.88,2308.06,4,9,1,8,24,False
13705,0,3,366,7,183.0,1.0,25.423571428571428,165.0,7.800000000000001,711.86,3,10,0,3,228,False
13709,58,13,311,3,25.916666666666668,2.1666666666666665,18.828805970149254,177.60000000000002,5.04,6307.650000000001,6,7,0,13,146,False
13715,1,5,91,280,22.75,1.6666666666666667,10.359519230769232,35.400000000000006,1.1,1077.39,3,10,2,3,57,True
13717,75,6,266,31,53.2,1.0,14.166764705882352,34.68,1.9500000000000002,1445.01,6,7,0,6,72,False
13719,139,5,219,14,54.75,1.25,17.361333333333334,52.199999999999996,5.04,1041.68,4,9,1,4,148,False
13725,65,8,258,49,36.857142857142854,1.6,19.043846153846154,136.0,4.5600000000000005,1980.56,5,8,2,6,119,False
13728,63,6,273,36,54.6,1.0,16.12920634920635,25.5,10.2,1016.14,6,7,0,6,70,False
13742,53,12,303,16,27.545454545454547,1.7142857142857142,9.92929712460064,51.0,0.42,3107.87,7,6,4,8,72,False
13743,114,7,256,2,42.666666666666664,1.1666666666666667,32.72195121951219,70.2,10.2,1341.6,6,7,0,7,85,False
13748,0,5,278,95,69.5,1.6666666666666667,33.86607142857143,204.0,9.36,948.25,3,10,0,5,136,True
13750,37,5,283,53,70.75,1.0,68.63583333333334,325.44,12.75,1647.26,5,8,0,5,125,False
13752,127,6,122,123,24.4,1.2,15.671733333333334,75.0,1.25,1175.38,5,8,2,4,32,True
13755,310,9,59,3,7.375,3.0,6.567165109034268,59.400000000000006,0.19,2108.06,3,10,0,9,12,False
13756,6,14,365,1,28.076923076923077,1.5555555555555556,36.54591549295775,355.20000000000005,4.68,5189.52,9,4,0,14,152,False
13758,0,7,361,11,60.166666666666664,1.4,27.26965811965812,102.0,0.42,3190.55,5,8,2,5,162,False
13767,0,37,371,1,10.305555555555555,3.0833333333333335,46.79445652173913,532.8000000000001,10.08,17220.36,12,1,3,34,37,False
13769,6,10,365,1,40.55555555555556,1.1111111111111112,20.71488888888889,157.92000000000002,1.9500000000000002,2796.51,9,4,0,10,85,False
13777,0,33,372,0,11.625,2.5384615384615383,131.86375634517768,1383.1200000000001,1.44,25977.16,13,0,1,32,48,False
13782,46,6,315,12,63.0,1.2,8.043008849557522,24.96,1.25,908.86,5,8,5,1,109,False
13784,41,11,322,9,32.2,1.2222222222222223,79.44483870967741,199.68,17.700000000000003,2462.79,9,4,0,11,63,False
13787,9,2,288,75,288.0,1.0,9.969032258064518,24.96,1.65,309.04,2,11,1,1,288,True
13798,1,57,370,0,6.607142857142857,4.384615384615385,106.4580229226361,424.5,0.39,37153.85,13,0,5,52,25,False
13804,84,7,259,30,43.166666666666664,1.75,19.173259259259257,69.36,6.64,2588.39,4,9,1,6,133,False
13808,277,5,91,5,22.75,1.6666666666666667,22.995526315789476,106.2,4.5600000000000005,1747.66,3,10,2,3,40,False
13817,22,2,322,28,322.0,1.0,14.953636363636365,20.8,9.959999999999999,328.98,2,11,0,2,322,False
13824,63,5,277,32,69.25,1.0,36.93347826086956,207.50000000000003,9.0,1698.94,5,8,0,5,103,False
13831,4,6,353,15,70.6,1.2,30.534027777777776,326.4,1.25,2198.45,5,8,2,4,150,False
13838,4,4,364,5,121.33333333333333,1.3333333333333333,4.089818181818182,19.9,0.42,674.82,3,10,4,0,252,False
13842,7,9,308,58,38.5,1.0,16.43504854368932,50.849999999999994,4.35,3385.62,9,4,0,9,83,False
13846,13,3,335,24,167.5,1.0,15.728363636363637,30.599999999999998,7.800000000000001,865.0600000000001,3,10,0,3,217,False
13848,7,3,273,91,136.5,1.0,251.0,480.0,50.0,1255.0,3,10,0,3,205,True
13854,8,25,356,8,14.833333333333334,2.0833333333333335,73.72290909090908,350.4,6.8,8109.5199999999995,12,1,1,24,38,False
13860,287,5,85,0,21.25,1.25,16.39342105263158,29.880000000000003,4.68,1245.9,4,9,0,5,37,False
13862,41,8,314,17,44.857142857142854,1.0,15.894676258992806,45.0,6.8,2209.36,8,5,1,7,58,False
13870,86,8,285,1,40.714285714285715,1.3333333333333333,24.095130434782607,207.50000000000003,5.04,2770.94,6,7,2,6,119,False
13871,65,13,286,22,23.833333333333332,1.3,19.057291666666668,67.2,5.04,6403.25,10,3,0,13,44,False
13875,72,5,247,53,61.75,1.0,17.180673076923078,178.20000000000002,4.5600000000000005,1786.79,5,8,1,4,80,False
13880,6,13,345,20,28.75,1.3,19.513757575757577,59.400000000000006,5.04,3219.77,10,3,2,11,70,False
13881,62,20,308,3,16.210526315789473,1.8181818181818181,96.40179775280899,612.0,8.5,17159.52,11,2,0,20,43,False
13882,309,5,61,2,15.25,1.6666666666666667,18.325076923076924,59.849999999999994,3.4799999999999995,1191.13,3,10,0,5,20,False
13883,120,5,242,10,60.5,1.6666666666666667,18.834366197183098,51.0,6.8,2674.48,3,10,0,5,207,False
13884,90,5,276,6,69.0,1.6666666666666667,13.349152542372881,69.3,0.85,787.6,3,10,1,4,188,False
13890,15,10,357,0,39.666666666666664,2.0,17.125545454545456,39.599999999999994,3.1,1883.8100000000002,5,8,0,10,251,False
13901,55,5,246,71,61.5,1.0,19.242953020134227,59.95,4.5600000000000005,2867.2,5,8,0,5,97,True
13911,65,9,251,56,31.375,1.5,17.43858108108108,119.52,5.04,2580.91,6,7,2,7,87,False
13924,301,6,70,1,14.0,1.5,15.716666666666669,35.400000000000006,3.75,1838.8500000000001,4,9,0,6,27,False
13941,1,5,350,21,87.5,1.0,113.62133333333334,356.40000000000003,15.0,5112.96,5,8,1,4,125,False
13949,279,6,91,2,18.2,1.5,15.170750000000002,135.2,2.88,2427.32,4,9,1,5,25,False
13953,21,7,345,6,57.5,1.0,175.784,750.0,7.800000000000001,3515.68,7,6,0,7,77,False
13956,102,5,266,4,66.5,1.0,6.933809523809524,49.01,0.65,1019.27,5,8,5,0,105,False
13959,11,3,283,78,141.5,1.0,6.600444444444444,42.5,0.39,594.04,3,10,1,2,201,True
13969,8,18,357,6,21.0,1.6363636363636365,14.578626817447496,207.50000000000003,0.19,9024.17,11,2,0,18,55,False
13971,88,8,266,18,38.0,1.1428571428571428,18.511812080536913,49.800000000000004,5.1,2758.26,7,6,1,7,69,False
13975,97,6,245,30,49.0,1.2,7.480972644376901,51.0,0.55,2461.2400000000002,5,8,1,5,96,False
13982,8,4,326,38,108.66666666666667,1.0,16.863153153153153,81.6,1.25,1871.81,4,9,0,4,163,False
13983,7,12,337,29,30.636363636363637,1.3333333333333333,24.3311214953271,290.0,0.85,2603.43,9,4,2,10,98,False
13984,7,5,339,26,84.75,1.0,57.531875,432.48,8.5,920.51,5,8,1,4,123,False
13985,109,15,260,3,18.571428571428573,1.6666666666666667,20.130997150997153,53.1,2.1,7065.9800000000005,9,4,1,14,49,False
13988,119,6,234,19,46.8,1.0,17.726324786324785,71.9,3.04,4147.96,6,7,1,5,89,False
13991,230,6,131,11,26.2,1.5,10.517037037037037,39.6,0.19,851.88,4,9,3,3,68,False
13993,43,9,287,42,35.875,1.125,28.647603305785125,204.0,7.800000000000001,3466.36,8,5,2,7,60,False
13994,225,6,144,3,28.8,1.2,15.36581081081081,49.5,1.7,2274.14,5,8,0,6,42,False
13995,127,5,230,14,57.5,1.0,16.205697674418605,35.400000000000006,5.04,1393.69,5,8,0,5,104,False
13999,12,12,351,9,31.90909090909091,1.2,18.758701923076924,81.36,2.2800000000000002,3901.81,10,3,0,12,67,False
14001,0,3,327,45,163.5,1.0,52.38666666666667,179.0,15.0,2043.0800000000002,3,10,0,3,187,False
14004,85,7,245,42,40.833333333333336,1.4,26.799064327485382,82.5,8.7,4582.64,5,8,1,6,115,False
14005,158,5,206,9,51.5,1.0,34.22285714285714,175.2,4.5600000000000005,2874.72,5,8,2,3,66,False
14030,7,8,348,17,49.714285714285715,1.3333333333333333,9.747272727272728,290.0,0.84,2358.84,6,7,2,6,122,False
14031,1,19,365,6,20.27777777777778,1.7272727272727273,69.14744,1416.0,0.83,17286.86,11,2,0,19,52,False
14032,7,11,364,1,36.4,1.375,20.80832167832168,128.88,5.04,2975.59,8,5,1,10,81,False
14035,76,5,268,28,67.0,1.0,21.636666666666667,81.6,0.55,1428.02,5,8,1,4,160,False
14040,42,12,290,40,26.363636363636363,1.5,15.547248908296943,175.2,1.25,3560.32,8,5,6,6,74,False
14047,1,5,364,8,91.0,1.0,40.894062500000004,183.60000000000002,9.3,1308.6100000000001,5,8,0,5,137,False
14051,7,23,365,0,16.59090909090909,1.7692307692307692,74.33519047619048,357.6,6.959999999999999,15610.390000000001,13,0,2,21,39,False
14056,89,23,282,0,12.818181818181818,2.090909090909091,7.493299632352941,74.25,0.39,8152.71,11,2,0,23,25,False
14057,13,17,336,23,21.0,1.5454545454545454,21.949328621908126,386.64,0.65,6211.66,11,2,2,15,65,False
14060,1,19,368,4,20.444444444444443,1.4615384615384615,30.39811881188119,252.0,5.04,6140.42,13,0,1,18,38,False
14062,9,12,354,9,32.18181818181818,1.5,94.27792792792793,594.0,0.84,10464.85,8,5,0,12,83,False
14064,99,5,245,28,61.25,1.25,17.329090909090908,311.03999999999996,0.65,1334.34,4,9,0,5,98,False
14071,109,8,261,3,37.285714285714285,2.0,4.432242990654205,40.56,0.19,1422.75,4,9,3,5,213,False
14077,99,5,233,40,58.25,1.0,11.89095238095238,85.92,0.95,499.41999999999996,5,8,1,4,103,False
14078,0,6,271,101,54.2,1.0,16.144153846153845,158.75,0.83,1049.37,6,7,0,6,89,True
14083,2,9,367,3,45.875,1.5,5.6661016949152545,29.700000000000003,0.65,1002.9,6,7,0,9,118,False
14085,5,18,366,1,21.529411764705884,1.8,9.868950892857143,51.0,0.39,4421.29,10,3,0,18,96,False
14088,51,13,312,9,26.0,2.1666666666666665,85.7246349745331,459.0,1.06,50491.81,6,7,1,12,132,False
14092,15,14,350,7,26.923076923076923,1.2727272727272727,19.050981308411213,71.4,0.85,4076.91,11,2,2,12,52,False
14096,272,17,97,3,6.0625,3.4,10.453077526987242,264.32,0.42,53258.43,5,8,0,17,9,False
14099,19,11,338,15,33.8,1.1,12.41668,121.67999999999999,0.75,3104.17,10,3,0,11,54,False
14101,47,6,252,73,50.4,1.0,170.76542857142857,550.0,0.85,5976.79,6,7,1,5,69,True
14102,329,5,39,4,9.75,1.6666666666666667,19.066896551724135,90.0,0.55,1105.8799999999999,3,10,1,4,14,False
14107,9,7,312,51,52.0,1.0,21.977479674796747,71.4,6.959999999999999,2703.23,7,6,1,6,79,False
14110,107,12,263,3,23.90909090909091,1.3333333333333333,36.460448717948715,325.44,4.68,5687.83,9,4,0,12,48,False
14112,98,7,253,22,42.166666666666664,1.4,18.2196875,102.0,6.8,2915.15,5,8,2,5,90,False
14113,19,4,351,3,117.0,1.0,54.13,408.0,7.4399999999999995,1840.42,4,9,0,4,276,False
14116,252,5,101,19,25.25,1.25,19.204722222222223,85.0,8.7,1382.74,4,9,1,4,33,False
14129,113,5,259,1,64.75,1.25,21.61269230769231,45.0,10.08,1123.8600000000001,4,9,0,5,165,False
14132,190,11,181,1,18.1,1.5714285714285714,17.930149999999998,74.0,4.32,3586.0299999999997,7,6,0,11,26,False
14135,1,15,371,1,26.5,1.875,35.00231343283583,237.60000000000002,7.800000000000001,4690.31,8,5,2,13,106,False
14146,16,5,348,8,87.0,1.25,19.957142857142856,183.60000000000002,6.64,4191.0,4,9,0,5,173,False
14150,14,2,324,35,324.0,1.0,25.33230769230769,118.80000000000001,4.5600000000000005,658.64,2,11,0,2,324,False
14156,2,55,361,9,6.685185185185185,4.583333333333333,84.02156272401434,2365.2,1.25,117210.08,12,1,3,52,42,False
14159,11,11,343,19,34.3,1.5714285714285714,3.9420613287904596,51.0,0.12,4627.98,7,6,4,7,106,False
14178,191,7,173,8,28.833333333333332,1.1666666666666667,5.0008227848101265,59.400000000000006,0.19,1580.26,6,7,1,6,45,False
14180,1,25,361,10,15.041666666666666,2.0833333333333335,19.785500000000003,165.0,7.5,4748.52,12,1,1,24,33,False
14188,63,6,279,30,55.8,1.0,31.605538461538462,62.400000000000006,6.959999999999999,2054.36,6,7,0,6,95,False
14189,5,15,366,1,26.142857142857142,1.25,17.56256603773585,76.32000000000001,2.88,4654.08,12,1,1,14,52,False
14191,153,13,218,1,18.166666666666668,1.625,18.08787644787645,79.0,3.3600000000000003,4684.76,8,5,0,13,29,False
14194,65,21,303,4,15.15,2.1,19.601934369602763,129.0,2.88,11349.52,10,3,1,20,56,False
14201,14,7,299,59,49.833333333333336,1.0,20.20108108108108,67.6,6.959999999999999,747.44,7,6,1,6,125,False
14209,41,6,321,10,64.2,1.0,23.83252873563218,81.6,7.800000000000001,2073.43,6,7,0,6,110,False
14210,2,6,265,105,53.0,1.0,18.684705882352944,51.0,6.6000000000000005,1905.8400000000001,6,7,0,6,91,True
14211,78,9,241,52,30.125,1.8,20.009821428571428,147.5,5.04,2241.1,5,8,1,8,111,False
14214,96,5,246,30,61.5,1.0,14.990746268656716,33.9,4.5600000000000005,1004.38,5,8,0,5,107,False
14215,5,6,356,11,71.2,1.2,16.57148148148148,35.400000000000006,4.5600000000000005,1789.72,5,8,0,6,128,False
14217,7,17,364,1,22.75,1.4166666666666667,20.0498,130.8,9.48,2004.98,12,1,2,15,56,False
14221,34,9,296,41,37.0,1.2857142857142858,17.78652849740933,131.39999999999998,3.9,3432.8,7,6,0,9,132,False
14226,104,5,240,28,60.0,1.25,33.55742424242424,232.0,6.64,2214.79,4,9,0,5,139,False
14227,89,10,258,25,28.666666666666668,2.0,19.148342857142858,70.80000000000001,7.800000000000001,3350.96,5,8,1,9,110,False
14232,109,5,221,42,55.25,1.0,17.80930434782609,53.1,4.5600000000000005,2048.07,5,8,1,4,77,False
14235,113,5,185,74,46.25,1.25,39.80835443037975,179.0,9.9,3144.86,4,9,1,4,82,True
14236,1,2,291,80,291.0,1.0,32.724000000000004,158.4,6.72,490.86,2,11,0,2,291,True
14239,57,11,272,42,27.2,1.375,21.257589285714285,79.2,6.959999999999999,2380.85,8,5,0,11,69,False
14243,8,10,357,8,39.666666666666664,1.1111111111111112,18.360070921985816,70.8,4.5600000000000005,2588.77,9,4,0,10,69,False
14251,316,5,55,1,13.75,1.6666666666666667,36.91923076923077,102.0,10.08,2879.7000000000003,3,10,0,5,40,False
14257,55,5,254,63,63.5,1.0,29.242641509433966,249.60000000000002,5.04,3099.7200000000003,5,8,1,4,133,False
14258,36,9,328,8,41.0,1.125,114.14396396396396,504.0,13.200000000000001,12669.98,8,5,2,7,80,False
14262,133,8,232,7,33.142857142857146,1.1428571428571428,18.3093006993007,85.92,7.9,2618.23,7,6,0,8,83,False
14282,6,15,364,2,26.0,1.6666666666666667,24.035324675324677,179.0,2.34,3701.44,9,4,1,14,101,False
14289,84,6,280,8,56.0,1.0,19.388510638297873,67.5,6.72,911.26,6,7,0,6,126,False
14290,12,5,350,10,87.5,1.25,22.917326732673267,183.60000000000002,6.64,2314.65,4,9,0,5,280,False
14291,98,11,273,1,27.3,1.8333333333333333,16.385021097046412,89.69999999999999,5.04,3883.25,6,7,0,11,64,False
14292,91,9,275,7,34.375,1.5,48.719300000000004,297.0,9.959999999999999,4871.93,6,7,2,7,78,False
14293,5,4,365,2,121.66666666666667,1.0,17.15672131147541,47.7,4.32,1046.56,4,9,0,4,157,False
14298,13,44,352,7,8.186046511627907,3.3846153846153846,31.476664630421503,650.25,0.19,51527.3,13,0,0,44,28,False
14299,8,9,357,7,44.625,1.2857142857142858,27.73160839160839,350.4,5.04,3965.62,7,6,0,9,210,False
14307,0,6,284,88,56.8,1.2,16.642888888888887,50.849999999999994,5.04,2995.72,5,8,0,6,104,True
14309,15,9,350,7,43.75,1.2857142857142858,20.10709401709402,138.24,2.88,2352.53,7,6,0,9,74,False
14312,36,6,290,46,58.0,1.0,18.524022988505745,66.0,6.959999999999999,1611.59,6,7,0,6,95,False
14315,107,6,221,44,44.2,1.2,24.565643564356435,70.8,7.800000000000001,2481.13,5,8,0,6,84,False
14321,40,5,322,10,80.5,1.0,12.445121951219512,83.4,2.88,1530.75,5,8,0,5,157,False
14329,44,7,312,16,52.0,1.1666666666666667,19.28387596899225,79.8,5.04,4975.24,6,7,0,7,109,False
14334,15,8,341,16,48.714285714285715,1.0,15.754382716049383,58.0,6.959999999999999,2552.21,8,5,0,8,81,False
14341,55,8,273,44,39.0,1.6,16.92953125,85.92,2.2800000000000002,2166.98,5,8,3,5,103,False
14344,5,8,241,126,34.42857142857143,1.6,12.534225352112676,70.80000000000001,0.39,889.9300000000001,5,8,0,8,82,True
14364,162,8,102,108,14.571428571428571,2.0,53.87463768115942,207.50000000000003,4.5600000000000005,3717.35,4,9,2,6,29,True
14367,97,16,267,7,17.8,1.7777777777777777,17.711746641074857,214.79999999999998,0.21,9227.82,9,4,1,15,52,False
14388,1,8,362,9,51.714285714285715,1.1428571428571428,17.273333333333333,62.400000000000006,2.88,3212.84,7,6,0,8,90,False
14390,1,9,362,9,45.25,1.5,16.347077464788732,146.25,0.39,4642.57,6,7,0,9,133,False
14395,1,9,369,1,46.125,1.0,9.999741379310345,44.550000000000004,0.39,3479.91,9,4,2,7,99,False
14396,2,2,306,64,306.0,1.0,6.684794520547945,29.5,0.65,487.99,2,11,0,2,306,False
14397,160,19,210,2,11.666666666666666,2.375,30.034022988505747,103.67999999999999,6.959999999999999,2612.96,8,5,3,16,22,False
14401,14,13,355,3,29.583333333333332,1.625,22.26087912087912,97.80000000000001,4.5600000000000005,4051.48,8,5,0,13,132,False
14404,4,6,335,33,67.0,1.0,14.4932,76.5,0.14,1449.32,6,7,3,3,90,False
14407,97,5,169,106,42.25,1.25,29.76013888888889,207.50000000000003,4.5600000000000005,2142.73,4,9,0,5,71,True
14408,109,7,253,10,42.166666666666664,1.1666666666666667,24.519150943396227,133.20000000000002,0.95,2599.03,6,7,1,6,84,False
14409,5,6,297,70,59.4,1.2,38.137962962962966,356.40000000000003,2.52,2059.4500000000003,5,8,0,6,168,True
14410,68,9,213,91,26.625,1.5,5.8510582010582,51.0,0.78,1105.85,6,7,0,9,65,True
14414,15,7,267,91,44.5,1.75,15.432783505154639,56.88,1.9,1496.98,4,9,1,6,222,True
14415,13,13,359,0,29.916666666666668,1.0833333333333333,10.113246977547496,51.0,0.42,5855.57,12,1,2,11,70,False
14419,9,6,354,10,70.8,1.2,5.206881188118811,30.0,0.42,1051.79,5,8,0,6,178,False
14422,106,6,266,0,53.2,1.0,19.205585585585588,83.4,2.88,4263.64,6,7,0,6,99,False
14426,61,10,289,23,32.111111111111114,2.0,20.007455357142856,252.0,2.34,4481.67,5,8,0,10,102,False
14428,48,5,317,6,79.25,1.0,8.934744525547444,76.32000000000001,1.25,1224.06,5,8,0,5,160,False
14432,284,6,79,9,15.8,2.0,5.964190981432361,99.0,0.19,2248.5,3,10,4,2,21,False
14434,301,6,50,21,10.0,2.0,114.39999999999999,199.20000000000002,69.6,1372.8,3,10,0,6,15,False
14440,8,5,357,7,89.25,1.0,42.8669090909091,153.0,10.2,2357.6800000000003,5,8,0,5,244,False
14443,5,4,314,53,104.66666666666667,1.0,15.270967741935484,35.95,5.04,1420.2,4,9,1,3,171,False
14447,93,5,261,18,65.25,1.25,16.617571428571427,34.8,5.04,1163.23,4,9,0,5,145,False
14448,9,2,354,8,354.0,1.0,18.767500000000002,237.60000000000002,1.45,375.35,2,11,0,2,354,False
14449,1,4,353,18,117.66666666666667,1.0,3.5431999999999997,30.0,0.19,885.8,4,9,0,4,182,False
14456,231,9,137,4,17.125,1.8,3.189756613756614,30.0,0.29,3014.32,5,8,4,5,42,False
14462,34,11,273,65,27.3,1.2222222222222223,8.515387931034482,39.599999999999994,0.24,1975.57,9,4,1,10,53,False
14466,1,7,343,28,57.166666666666664,1.0,31.561111111111114,127.5,5.8,2272.4,7,6,1,6,93,False
14472,18,8,251,103,35.857142857142854,1.1428571428571428,6.991207547169812,49.9,0.42,1852.67,7,6,8,0,70,True
14482,134,6,220,17,44.0,1.5,14.765036496350364,179.0,0.21,2022.81,4,9,1,5,140,False
14487,5,6,341,26,68.2,1.5,8.324857142857143,51.0,0.39,1165.48,4,9,5,1,279,False
14493,218,5,147,6,36.75,1.25,19.860333333333337,59.400000000000006,2.34,2383.2400000000002,4,9,0,5,108,False
14498,12,5,319,42,79.75,1.0,10.141554404145078,170.0,0.42,1957.32,5,8,0,5,175,False
14502,60,11,293,19,29.3,1.5714285714285714,3.998006589785832,89.55,0.19,2426.79,7,6,7,4,85,False
14503,195,6,175,2,35.0,1.5,21.605243902439025,136.0,3.4799999999999995,3543.26,4,9,1,5,108,False
14505,11,8,344,16,49.142857142857146,1.3333333333333333,7.464242038216561,75.60000000000001,0.42,5859.43,6,7,1,7,95,False
14506,4,5,351,16,87.75,1.0,6.6462711864406785,45.0,0.29,1960.65,5,8,1,4,121,False
14507,97,6,252,23,50.4,1.2,14.398736842105265,237.60000000000002,0.85,1367.88,5,8,2,4,114,False
14511,240,5,122,10,30.5,1.25,19.33544117647059,49.92,4.68,1314.81,4,9,1,4,41,False
14515,155,6,200,17,40.0,1.5,21.192755102040817,71.4,0.79,2076.89,4,9,0,6,124,False
14524,13,9,329,31,41.125,1.5,9.359543147208122,102.0,0.5700000000000001,1843.83,6,7,2,7,106,False
14525,12,9,341,19,42.625,1.125,14.95,244.79999999999998,0.42,4215.9,8,5,1,8,73,False
14527,4,55,366,2,6.777777777777778,4.230769230769231,8.76920618556701,87.6,0.39,8506.13,13,0,2,53,15,False
14530,77,6,270,25,54.0,1.0,13.437136150234743,107.1,0.84,2862.11,6,7,0,6,77,False
14533,21,7,328,24,54.666666666666664,1.4,31.44709677419355,127.2,4.5600000000000005,1949.72,5,8,2,5,240,False
14534,55,18,315,2,18.529411764705884,1.5,8.669921104536488,169.92000000000002,0.39,4395.65,12,1,0,18,41,False
14541,54,8,260,58,37.142857142857146,1.3333333333333333,13.84142857142857,90.0,0.21,1453.35,6,7,0,8,109,False
14543,9,16,336,28,22.4,1.6,52.35411764705882,272.0,0.76,3560.08,10,3,0,16,45,False
14544,12,2,337,23,337.0,1.0,18.056756756756755,103.67999999999999,1.65,2004.3,2,11,0,2,337,False
14546,125,5,243,4,60.75,1.0,6.48345088161209,35.400000000000006,0.55,2573.93,5,8,3,2,124,False
14547,319,8,50,3,7.142857142857143,2.6666666666666665,11.196478873239437,87.2,0.65,3974.75,3,10,5,3,21,False
14553,34,5,319,18,79.75,1.6666666666666667,7.604159292035398,165.0,0.42,859.27,3,10,3,2,185,False
14560,16,22,350,6,16.666666666666668,1.8333333333333333,30.240135135135134,136.0,9.959999999999999,2237.77,12,1,1,21,64,False
14562,69,18,300,3,17.647058823529413,2.0,11.949331742243437,99.60000000000001,0.39,5006.77,9,4,2,16,57,False
14565,12,4,265,95,88.33333333333333,1.0,24.40251968503937,67.5,5.04,3099.12,4,9,0,4,155,True
14572,49,7,320,2,53.333333333333336,1.1666666666666667,10.704351145038167,102.0,1.1,2804.54,6,7,2,5,106,False
14573,1,9,192,179,24.0,1.8,7.223876651982379,44.849999999999994,0.39,1639.82,5,8,1,8,84,True
14577,11,4,350,12,116.66666666666667,1.0,6.989512195121952,22.5,0.95,859.71,4,9,2,2,151,False
14583,168,5,200,5,50.0,1.25,3.2680794701986757,25.5,0.19,986.96,4,9,1,4,138,False
14587,42,9,312,18,39.0,1.2857142857142858,4.259541778975741,38.25,0.29,1580.29,7,6,0,9,165,False
14594,0,2,365,6,365.0,1.0,6.987115384615384,17.0,0.85,363.33,2,11,0,2,365,False
14595,60,6,293,19,58.6,1.5,17.06470588235294,59.0,1.25,1740.6,4,9,3,3,227,False
14606,0,90,372,0,4.179775280898877,6.923076923076923,4.460041136873597,139.29999999999998,0.12,11926.15,13,0,12,78,12,False
14607,112,12,245,15,22.272727272727273,4.0,192.58333333333334,1293.6,9.9,15021.5,3,10,0,12,214,False
14608,11,4,358,3,119.33333333333333,1.0,89.25750000000001,204.0,3.75,1785.15,4,9,1,3,276,False
14621,15,5,357,0,89.25,1.0,19.438695652173916,59.400000000000006,8.2,1788.3600000000001,5,8,1,4,171,False
14623,138,5,203,31,50.75,1.0,6.681969696969697,60.0,0.3,882.02,5,8,0,5,72,False
14639,12,6,309,51,61.8,1.5,17.351686046511627,60.0,6.959999999999999,2984.49,4,9,0,6,171,False
14640,146,6,203,23,40.6,1.0,20.070285714285717,53.550000000000004,5.04,2107.38,6,7,0,6,68,False
14646,19,73,353,1,4.902777777777778,5.615384615384615,135.645242248062,4992.0,0.39,279971.77999999997,13,0,1,72,30,False
14653,35,7,337,0,56.166666666666664,1.75,8.22618025751073,97.3,0.39,1916.7,4,9,1,6,271,False
14659,58,9,306,8,38.25,1.0,9.999723320158102,29.75,0.42,2529.93,9,4,2,7,67,False
14665,63,5,250,60,62.5,1.6666666666666667,20.39666666666667,81.6,1.65,1835.7,3,10,1,4,207,False
14667,5,25,357,10,14.875,2.272727272727273,16.202809187279154,170.0,0.39,9170.79,11,2,2,23,36,False
14673,6,5,364,2,91.0,1.6666666666666667,23.464864864864865,122.39999999999999,5.04,1736.4,3,10,0,5,329,False
14676,90,6,251,30,50.2,1.2,60.672380952380955,178.20000000000002,15.12,2548.2400000000002,5,8,0,6,73,False
14680,2,16,346,24,23.066666666666666,1.4545454545454546,111.45003875968993,622.5,0.85,28754.11,11,2,0,16,46,False
14684,11,5,336,25,84.0,1.0,3.080794871794872,61.199999999999996,0.32,1201.51,5,8,3,2,147,False
14688,0,21,366,7,18.3,1.75,17.219444444444445,153.0,0.19,5579.1,12,1,0,21,48,False
14691,161,5,182,30,45.5,1.6666666666666667,29.779295774647885,122.04,7.800000000000001,2114.33,3,10,1,4,116,False
14696,0,7,368,3,61.333333333333336,1.0,15.991923076923076,51.0,1.9,2078.95,7,6,1,6,83,False
14698,322,5,49,1,12.25,1.6666666666666667,6.0863499999999995,29.849999999999998,0.78,1217.27,3,10,2,3,21,False
14701,57,9,305,10,38.125,1.5,7.725045871559633,323.55,0.29,2526.09,6,7,1,8,162,False
14702,8,17,364,0,22.75,1.5454545454545454,9.508157894736842,59.8,0.83,3251.79,11,2,2,15,119,False
14704,193,7,160,19,26.666666666666668,1.4,3.7477435897435902,29.9,0.19,1461.6200000000001,5,8,3,4,61,False
14708,5,3,365,2,182.5,1.0,40.2275,162.72,5.04,1126.37,3,10,0,3,214,False
14709,15,13,343,14,28.583333333333332,1.4444444444444444,25.10734693877551,62.400000000000006,6.959999999999999,4921.04,9,4,2,11,61,False
14711,111,11,252,9,25.2,1.5714285714285714,8.230782608695652,195.0,0.39,2839.62,7,6,1,10,66,False
14713,8,11,355,8,35.5,1.375,7.876331360946745,102.0,0.84,2662.2,8,5,0,11,69,False
14719,124,5,247,1,61.75,1.0,6.731234042553191,30.0,0.65,1581.84,5,8,0,5,118,False
14723,2,6,361,9,72.2,2.0,4.343643410852714,35.400000000000006,0.21,1120.66,3,10,1,5,317,False
14730,97,8,275,0,39.285714285714285,1.3333333333333333,4.107294372294372,35.400000000000006,0.19,1897.57,6,7,0,8,71,False
14732,34,8,330,7,47.142857142857146,1.0,18.384285714285717,120.0,4.5600000000000005,2702.4900000000002,8,5,0,8,62,False
14733,6,12,351,15,31.90909090909091,1.3333333333333333,47.455,204.0,7.5,9585.91,9,4,1,11,94,False
14735,15,31,354,3,11.8,2.5833333333333335,31.350725388601035,107.10000000000001,8.2,6050.69,12,1,1,30,55,False
14737,20,3,349,3,174.5,1.0,68.50294117647059,170.0,16.5,1164.55,3,10,0,3,224,False
14738,57,7,273,42,45.5,1.4,24.34166666666667,88.80000000000001,4.5600000000000005,1314.45,5,8,0,7,74,False
14739,6,7,363,3,60.5,1.0,65.038,180.0,8.4,3902.28,7,6,1,6,125,False
14741,1,6,361,11,72.2,1.2,23.73457627118644,93.60000000000001,9.959999999999999,1400.34,5,8,1,5,197,False
14744,7,7,350,15,58.333333333333336,1.4,42.30692307692308,145.0,0.55,1099.98,5,8,0,7,237,False
14745,88,5,172,112,43.0,1.25,17.684927536231886,70.80000000000001,6.72,1220.26,4,9,1,4,100,True
14748,5,5,339,28,84.75,1.25,15.907303370786517,34.8,4.0,1415.75,4,9,0,5,156,False
14755,39,11,324,9,32.4,1.1,21.320340425531914,59.400000000000006,9.899999999999999,5010.28,10,3,2,9,49,False
14766,7,6,358,7,71.6,1.0,18.321259259259257,54.08,2.88,2473.37,6,7,0,6,109,False
14769,16,8,354,2,50.57142857142857,1.0,9.816522148916118,165.0,0.5700000000000001,10415.33,8,5,3,5,79,False
14775,1,3,313,57,156.5,1.0,16.865,50.400000000000006,6.84,1011.9,3,10,0,3,234,False
14776,61,11,261,50,26.1,1.5714285714285714,21.694871794871798,100.80000000000001,10.08,2538.3,7,6,0,11,78,False
14794,39,7,331,2,55.166666666666664,1.4,16.498875,59.8,2.2800000000000002,1319.91,5,8,1,6,172,False
14796,7,17,365,0,22.8125,1.3076923076923077,7.050335985853227,100.80000000000001,0.12,7973.93,13,0,0,17,45,False
14800,4,12,322,47,29.272727272727273,1.3333333333333333,11.310156657963446,102.0,0.38,4331.79,9,4,8,4,62,False
14808,201,8,132,39,18.857142857142858,2.0,11.768831168831168,125.0,0.38,2718.6,4,9,4,4,69,False
14810,4,11,328,40,32.8,1.2222222222222223,8.209960629921259,35.400000000000006,0.39,2085.33,9,4,8,3,63,False
14825,5,12,364,3,33.09090909090909,1.2,18.50841666666667,85.0,0.95,2221.01,10,3,1,11,71,False
14829,1,4,343,28,114.33333333333333,1.3333333333333333,16.60833333333333,34.8,5.04,697.55,3,10,0,4,176,False
14834,133,6,222,17,44.4,1.2,25.676119402985073,128.88,9.899999999999999,1720.3,5,8,0,6,119,False
14841,15,6,305,52,61.0,1.2,23.88231884057971,60.480000000000004,4.5600000000000005,3295.76,5,8,0,6,119,False
14849,0,25,351,21,14.625,2.272727272727273,20.439536082474227,175.2,5.04,7930.54,11,2,0,25,49,False
14852,121,6,193,57,38.6,1.2,19.83699300699301,40.8,7.800000000000001,2836.69,5,8,1,5,74,False
14854,99,7,196,77,32.666666666666664,1.4,21.746269841269843,102.0,4.5600000000000005,2740.03,5,8,0,7,57,True
14865,1,2,364,6,364.0,1.0,13.05,18.0,9.120000000000001,52.2,2,11,0,2,364,False
14866,7,11,355,10,35.5,1.8333333333333333,146.46326530612245,816.0,0.14,14353.4,6,7,0,11,224,False
14868,140,8,230,2,32.857142857142854,1.3333333333333333,20.511041666666667,59.400000000000006,7.4399999999999995,2953.59,6,7,1,7,71,False
14871,13,4,357,2,119.0,1.0,5.390107526881721,23.700000000000003,1.25,501.28000000000003,4,9,0,4,175,False
14878,15,9,345,12,43.125,1.2857142857142858,12.099098360655738,102.0,0.42,1476.09,7,6,7,2,91,False
14883,162,6,193,18,38.6,1.2,14.369622641509434,40.56,4.5600000000000005,761.59,5,8,0,6,90,False
14895,83,20,282,7,14.842105263157896,2.0,22.366887550200804,158.39999999999998,5.04,11138.710000000001,10,3,7,13,44,False
14898,2,6,347,22,69.4,1.0,11.645045871559633,100.8,0.39,1269.31,6,7,0,6,111,False
14901,1,9,361,10,45.125,2.25,14.805104166666666,75.0,0.65,1421.29,4,9,0,9,238,False
14903,95,5,257,20,64.25,1.0,7.986657142857142,45.0,0.42,2795.33,5,8,2,3,103,False
14907,6,7,364,2,60.666666666666664,1.4,21.21878787878788,95.69999999999999,9.959999999999999,3501.1,5,8,0,7,212,False
14911,0,199,372,0,1.878787878787879,15.307692307692308,24.861292768959437,540.0,1.45,140963.53,13,0,14,185,17,False
14913,14,4,323,35,107.66666666666667,1.0,14.108390804597702,72.0,2.52,1227.43,4,9,0,4,147,False
14936,98,8,241,33,34.42857142857143,1.6,22.35445054945055,262.79999999999995,6.959999999999999,8137.02,5,8,2,6,100,False
14944,77,12,266,29,24.181818181818183,2.0,34.707352941176474,118.80000000000001,7.800000000000001,5900.25,6,7,0,12,78,False
14948,154,6,196,22,39.2,1.2,17.491587301587302,59.699999999999996,6.64,1101.97,5,8,0,6,81,False
14952,9,11,304,59,30.4,2.2,58.69195652173913,350.4,6.6000000000000005,8099.49,5,8,1,10,118,False
14961,13,9,349,10,43.625,1.5,22.579102564102566,145.0,7.800000000000001,7044.68,6,7,0,9,77,False
14963,190,5,173,9,43.25,1.6666666666666667,7.6684375,72.0,0.12,1472.34,3,10,1,4,125,False
14976,47,6,269,56,53.8,1.2,11.069428571428572,51.0,0.42,774.86,5,8,0,6,95,False
14978,43,5,258,71,64.5,1.25,8.97836448598131,47.7,1.45,1921.3700000000001,4,9,0,5,163,True
14987,8,2,349,15,349.0,1.0,81.6,81.6,81.6,326.4,2,11,0,2,349,False
15005,7,28,350,15,12.962962962962964,2.3333333333333335,5.664869486948695,30.24,0.39,6293.67,12,1,3,25,29,False
15012,0,2,319,53,319.0,1.0,3.3200000000000003,12.75,0.39,405.04,2,11,0,2,319,False
15018,6,3,329,38,164.5,1.0,16.006774193548388,51.0,2.5,496.21000000000004,3,10,0,3,214,False
15021,7,9,357,8,44.625,1.125,4.215698198198198,41.5,0.19,1871.77,8,5,2,7,105,False
15023,4,11,366,2,36.6,1.2222222222222223,12.162450090744102,250.0,0.42,6701.51,9,4,2,9,73,False
15024,6,10,357,9,39.666666666666664,2.0,10.765986842105264,46.8,0.42,1636.43,5,8,0,10,167,False
15028,5,4,360,7,120.0,1.3333333333333333,13.065208333333333,59.0,0.39,627.13,3,10,0,4,325,False
15033,44,10,324,4,36.0,1.25,5.10776,52.02,0.39,2553.88,8,5,2,8,72,False
15034,20,8,338,15,48.285714285714285,1.3333333333333333,10.959384615384614,177.60000000000002,0.36,4274.16,6,7,1,7,162,False
15038,4,6,311,58,62.2,1.2,5.48592,49.5,0.65,685.74,5,8,5,1,126,False
15039,5,47,359,9,7.804347826086956,3.9166666666666665,13.38293161814489,249.00000000000003,0.42,19766.59,12,1,0,47,21,False
15044,11,17,342,18,21.375,1.5454545454545454,17.19533783783784,71.4,0.84,7634.7300000000005,11,2,4,13,60,False
15046,35,15,329,8,23.5,1.6666666666666667,25.35735,232.0,0.65,5071.47,9,4,5,10,46,False
15048,5,4,303,64,101.0,1.0,4.053191489361702,30.0,0.39,381.0,4,9,0,4,147,False
15058,61,11,286,24,28.6,1.375,7.904285714285714,46.2,0.42,2102.54,8,5,4,7,60,False
15059,39,9,293,40,36.625,1.5,5.644388185654009,35.8,0.39,1337.72,6,7,5,4,81,False
15061,1,48,368,3,7.829787234042553,3.6923076923076925,135.32044665012407,2978.3999999999996,0.32,54534.14,13,0,1,47,54,False
15062,14,4,288,70,96.0,1.0,17.330877192982456,39.0,9.120000000000001,987.86,4,9,0,4,146,True
15078,5,32,361,6,11.64516129032258,2.4615384615384617,22.14343181818182,62.400000000000006,9.36,9743.11,13,0,1,31,35,False
15081,6,5,345,21,86.25,1.0,15.296969696969697,35.400000000000006,8.5,504.8,5,8,1,4,158,False
15089,245,6,118,9,23.6,1.5,16.69544827586207,68.0,5.04,2420.84,4,9,0,6,49,False
15093,1,6,353,17,70.6,1.0,42.565000000000005,202.79999999999998,5.04,4597.02,6,7,0,6,98,False
15101,14,2,350,8,350.0,1.0,39.69125,104.39999999999999,12.600000000000001,317.53,2,11,0,2,350,False
15105,239,7,116,17,19.333333333333332,1.75,22.76168316831683,162.72,6.64,2298.93,4,9,0,7,48,False
15106,104,5,251,17,62.75,1.0,14.2252,39.599999999999994,5.04,1422.52,5,8,0,5,75,False
15107,1,6,61,310,12.2,2.0,19.294117647058822,51.0,7.800000000000001,328.0,3,10,1,5,26,True
15111,1,3,343,28,171.5,1.0,18.660476190476192,39.6,2.88,1567.48,3,10,0,3,305,False
15114,72,10,271,29,30.11111111111111,1.25,14.012994923857867,51.0,4.5600000000000005,2760.56,8,5,0,10,56,False
15117,158,5,200,14,50.0,1.25,19.64278481012658,192.0,1.65,1551.78,4,9,1,4,94,False
15125,103,15,245,24,17.5,1.875,90.77543307086614,439.20000000000005,8.5,11528.48,8,5,0,15,52,False
15129,82,11,241,49,24.1,1.5714285714285714,41.04047619047619,408.0,9.899999999999999,3447.4,7,6,0,11,56,False
15132,111,5,244,17,61.0,1.0,18.806346153846157,102.0,7.800000000000001,977.9300000000001,5,8,0,5,94,False
15134,133,8,225,14,32.142857142857146,1.1428571428571428,19.013561643835615,53.1,7.08,1387.99,7,6,0,8,54,False
15140,109,7,211,51,35.166666666666664,1.1666666666666667,29.428125,83.4,7.9,2354.25,6,7,1,6,83,False
15144,61,17,304,7,19.0,1.8888888888888888,30.324608294930872,102.0,6.959999999999999,6580.44,9,4,0,17,62,False
15150,104,10,251,16,27.88888888888889,1.6666666666666667,15.517096774193549,40.8,4.68,5291.33,6,7,2,8,82,False
15152,186,13,177,9,14.75,2.1666666666666665,17.511771217712177,44.849999999999994,3.3600000000000003,4745.69,6,7,2,11,42,False
15157,15,3,354,3,177.0,1.0,15.48856,85.0,2.88,1936.07,3,10,0,3,203,False
15159,12,30,359,1,12.379310344827585,2.5,26.254943661971833,250.0,2.88,18641.010000000002,12,1,2,28,44,False
15172,137,5,227,8,56.75,1.0,14.764090909090909,40.8,4.5600000000000005,1624.05,5,8,1,4,65,False
15179,54,5,300,17,75.0,1.25,23.73064516129032,103.67999999999999,4.5600000000000005,2206.95,4,9,0,5,180,False
15187,161,15,210,1,15.0,1.875,52.913111111111114,306.0,4.68,4762.18,8,5,1,14,43,False
15189,41,41,331,0,8.275,3.4166666666666665,76.53485849056604,350.4,3.3,16225.39,12,1,0,41,48,False
15194,5,15,365,2,26.071428571428573,1.5,24.569451612903226,232.0,2.34,7616.53,10,3,0,15,46,False
15197,15,3,347,10,173.5,1.0,33.737812500000004,419.40000000000003,4.68,1079.6100000000001,3,10,0,3,241,False
15201,126,5,160,86,40.0,1.25,17.92086956521739,120.0,4.68,1236.54,4,9,0,5,77,True
15203,62,6,285,25,57.0,1.0,12.871830985915492,33.0,3.42,1827.8,6,7,0,6,113,False
15208,20,5,352,0,88.0,1.0,20.717142857142857,66.0,6.8,870.12,5,8,0,5,190,False
15211,8,2,304,59,304.0,1.0,17.20019230769231,38.25,10.2,894.4100000000001,2,11,0,2,304,False
15214,131,8,241,1,34.42857142857143,1.3333333333333333,15.104000000000001,30.0,3.8,1661.44,6,7,1,7,108,False
15218,55,11,308,10,30.8,1.2222222222222223,34.680060240963854,232.0,0.42,5756.89,9,4,0,11,54,False
15220,93,6,229,51,45.8,1.0,15.204786324786324,46.800000000000004,2.34,1778.96,6,7,0,6,63,False
15227,56,5,280,36,70.0,1.25,21.024137931034485,40.56,5.04,1219.4,4,9,1,4,179,False
15235,0,12,155,217,14.090909090909092,2.4,15.716853146853149,35.400000000000006,5.04,2247.51,5,8,1,11,38,True
15240,61,5,267,44,66.75,1.0,21.879102564102563,60.0,5.25,1706.57,5,8,0,5,107,False
15241,90,8,216,66,30.857142857142858,1.1428571428571428,15.967636363636364,85.0,2.88,1756.44,7,6,0,8,86,False
15249,117,13,224,31,18.666666666666668,1.625,19.109885714285713,59.400000000000006,2.5,6688.46,8,5,0,13,41,False
15251,132,11,232,8,23.2,1.375,94.45936936936937,348.0,34.56,10484.99,8,5,2,9,50,False
15253,204,5,153,15,38.25,1.6666666666666667,17.32452830188679,40.8,6.959999999999999,918.1999999999999,3,10,0,5,81,False
15260,1,7,272,99,45.333333333333336,1.1666666666666667,23.516493506493507,62.5,9.899999999999999,1810.77,6,7,0,7,138,True
15267,191,5,160,21,40.0,1.25,156.12363636363636,306.0,60.0,1717.36,4,9,0,5,96,False
15270,63,7,294,15,49.0,1.75,58.03634146341463,290.0,8.5,2379.49,4,9,1,6,121,False
15271,8,15,358,6,25.571428571428573,1.5,9.444469696969698,43.35,0.39,2493.34,10,3,2,13,98,False
15281,40,9,274,58,34.25,1.5,16.778057553956835,39.6,4.5600000000000005,2332.15,6,7,2,7,77,False
15288,8,5,322,42,80.5,1.0,26.210454545454546,135.0,1.1,2306.52,5,8,1,4,112,False
15290,14,18,354,4,20.823529411764707,1.5,38.93735294117647,149.76,10.08,7943.22,12,1,1,17,44,False
15291,0,14,348,25,26.76923076923077,2.0,45.326470588235296,243.35999999999999,9.95,4623.3,7,6,1,13,77,False
15296,47,6,275,50,55.0,1.2,18.932268041237116,175.2,4.95,3672.86,5,8,0,6,114,False
15298,7,12,364,1,33.09090909090909,1.3333333333333333,24.999479166666664,990.0,4.68,4799.9,9,4,3,9,75,False
15299,1,6,304,66,60.8,2.0,651.1683333333334,1003.2,303.96,3907.01,3,10,0,6,196,False
15301,5,12,317,50,28.818181818181817,1.3333333333333333,20.867561983471074,622.5,5.04,5049.95,9,4,2,10,100,False
15304,5,8,307,60,43.857142857142854,1.1428571428571428,30.19130434782609,76.5,13.0,694.4000000000001,7,6,0,8,86,False
15311,0,91,373,0,4.144444444444445,7.0,25.626690617075234,408.0,0.21,60632.75,13,0,3,88,21,False
15312,19,4,279,74,93.0,1.0,19.677659574468084,81.6,5.04,924.85,4,9,3,1,139,True
15351,4,7,357,11,59.5,1.75,8.83406392694064,50.400000000000006,0.42,1934.66,4,9,4,3,290,False
15356,5,10,336,30,37.333333333333336,1.1111111111111112,5.446953907815631,35.400000000000006,0.29,2718.03,9,4,0,10,64,False
15358,8,22,360,4,17.142857142857142,1.6923076923076923,15.149183303085302,79.0,4.68,8347.2,13,0,0,22,42,False
15365,58,7,289,25,48.166666666666664,2.3333333333333335,20.301052631578948,99.60000000000001,7.4399999999999995,2314.32,3,10,1,6,219,False
15366,15,2,282,74,282.0,1.0,13.69340909090909,30.0,5.04,602.51,2,11,1,1,282,True
15370,41,7,291,40,48.5,1.1666666666666667,25.383510638297874,262.79999999999995,5.04,2386.05,6,7,1,6,93,False
15373,2,12,363,7,33.0,1.3333333333333333,18.302348484848483,102.0,0.42,2415.91,9,4,1,11,92,False
15379,15,7,189,168,31.5,1.4,19.089123711340207,70.80000000000001,4.5600000000000005,3703.29,5,8,1,6,66,True
15380,8,5,356,8,89.0,1.0,46.951666666666675,230.10000000000002,15.0,1690.2600000000002,5,8,0,5,224,False
15382,78,6,280,14,56.0,1.2,19.7208940397351,71.4,4.9799999999999995,5955.71,5,8,0,6,99,False
15392,13,4,355,4,118.33333333333333,1.0,18.280119047619046,83.4,2.88,1535.53,4,9,0,4,271,False
15394,15,4,348,9,116.0,1.0,25.68870588235294,76.5,13.0,2183.54,4,9,0,4,154,False
15400,95,5,186,91,46.5,1.25,59.68333333333334,105.0,10.2,716.2,4,9,1,4,94,True
15410,112,8,177,83,25.285714285714285,1.3333333333333333,28.285573770491805,118.80000000000001,7.800000000000001,3450.84,6,7,1,7,42,True
15426,4,5,350,18,87.5,1.6666666666666667,5.105709090909091,81.36,0.14,1404.07,3,10,5,0,223,False
15434,173,5,191,7,47.75,1.25,18.936,60.0,9.959999999999999,1041.48,4,9,0,5,93,False
15443,53,7,318,1,53.0,1.1666666666666667,8.638682795698925,50.150000000000006,0.39,3213.59,6,7,2,5,210,False
15453,186,7,185,1,30.833333333333332,1.1666666666666667,4.91673835125448,30.0,0.29,1371.77,6,7,2,5,39,False
15465,4,18,349,19,20.529411764705884,1.8,75.82082474226804,525.5999999999999,7.5,7354.62,10,3,15,3,56,False
15473,313,7,46,13,7.666666666666667,3.5,161.01818181818183,306.0,102.0,1771.2,2,11,0,7,30,False
15482,15,11,343,15,34.3,2.2,112.91416666666667,716.4,12.0,10839.76,5,8,1,10,119,False
15485,0,3,343,29,171.5,1.0,30.17058823529412,204.0,1.25,2564.5,3,10,0,3,305,False
15491,138,6,140,94,28.0,1.2,20.130454545454548,88.80000000000001,2.2800000000000002,3100.09,5,8,0,6,78,True
15493,103,5,238,32,59.5,1.25,6.7592041522491355,51.0,0.58,1953.41,4,9,0,5,117,False
15498,7,27,364,2,14.0,2.4545454545454546,26.00859375,141.6,0.29,13316.4,11,2,0,27,47,False
15502,4,10,353,15,39.22222222222222,2.0,33.129090909090905,705.5,5.25,6923.98,5,8,6,4,151,False
15505,218,5,102,52,25.5,1.25,37.22639175257732,177.0,2.88,3610.96,4,9,0,5,31,False
15508,138,6,46,188,9.2,2.0,10.8725,45.0,0.38,1000.27,3,10,0,6,29,True
15511,288,5,73,11,18.25,1.6666666666666667,5.699556962025317,38.25,0.29,900.53,3,10,0,5,27,False
15513,0,19,340,32,18.88888888888889,1.9,47.91629870129871,267.6,5.04,14758.220000000001,10,3,2,17,54,False
15514,9,11,352,11,35.2,2.75,24.239277108433736,734.4000000000001,0.42,4023.7200000000003,4,9,3,8,192,False
15518,41,8,268,63,38.285714285714285,1.6,9.150238095238095,37.5,0.84,1921.55,5,8,3,5,103,False
15521,119,8,214,39,30.571428571428573,1.3333333333333333,16.217297297297296,250.0,0.84,3000.2,6,7,1,7,64,False
15525,0,3,371,1,185.5,1.0,4.7217419354838706,29.849999999999998,0.29,731.87,3,10,0,3,355,False
15527,19,8,335,18,47.857142857142854,1.1428571428571428,14.990925925925927,91.80000000000001,0.42,2428.53,7,6,1,7,95,False
15529,7,11,343,22,34.3,1.2222222222222223,5.990998487140696,59.400000000000006,0.39,3960.05,9,4,0,11,67,False
15532,15,4,332,24,110.66666666666667,1.0,6.21932,35.400000000000006,0.75,1554.83,4,9,2,2,191,False
15544,1,9,363,8,45.375,1.2857142857142858,13.693861003861004,33.2,5.04,3546.71,7,6,1,8,91,False
15545,2,2,316,53,316.0,1.0,3.612125,23.25,0.55,288.96999999999997,2,11,1,1,316,False
15547,11,14,354,6,27.23076923076923,1.4,7.065611510791367,201.6,0.39,4910.6,10,3,12,2,84,False
15555,4,16,357,11,23.8,1.7777777777777777,5.414542372881356,76.5,0.3,4791.87,9,4,7,9,125,False
15563,15,3,336,21,168.0,1.0,12.265225225225226,59.400000000000006,1.3,1361.44,3,10,0,3,178,False
15569,41,5,228,103,57.0,1.6666666666666667,44.377741935483876,244.79999999999998,0.5700000000000001,1375.71,3,10,3,2,200,True
15570,4,12,362,6,32.90909090909091,1.5,13.005705329153605,45.0,0.42,4148.82,8,5,2,10,105,False
15572,95,7,273,4,45.5,1.4,11.950094339622641,195.0,0.58,2533.42,5,8,2,5,138,False
15581,7,10,209,155,23.22222222222222,2.0,5.016993006993007,50.400000000000006,0.39,717.4300000000001,5,8,2,8,78,True
15587,22,4,301,49,100.33333333333333,1.0,101.52000000000001,244.08,30.599999999999998,913.6800000000001,4,9,1,3,209,False
15594,139,5,218,15,54.5,1.6666666666666667,17.201747572815535,39.599999999999994,5.88,1771.78,3,10,0,5,141,False
15596,8,5,264,100,66.0,1.0,18.267402597402597,39.8,5.95,1406.59,5,8,0,5,114,True
15601,1,14,361,10,27.76923076923077,1.4,16.52819512195122,71.4,4.5600000000000005,6776.56,10,3,1,13,48,False
15602,5,9,359,7,44.875,1.5,27.75468085106383,93.6,2.9,1304.47,6,7,0,9,129,False
15605,0,5,337,35,84.25,1.0,17.88402985074627,50.400000000000006,10.08,1198.23,5,8,1,4,162,False
15606,49,9,263,60,32.875,1.2857142857142858,37.92415584415584,90.0,10.08,2920.16,7,6,3,6,58,False
15611,39,11,325,9,32.5,1.5714285714285714,38.30365853658537,214.8,9.9,1570.45,7,6,2,9,65,False
15615,14,23,348,9,15.818181818181818,2.3,24.585673758865248,122.04,6.64,10399.74,10,3,0,23,42,False
15620,15,3,301,56,150.5,1.0,15.5318,31.6,2.52,1553.18,3,10,0,3,164,False
15622,91,9,239,42,29.875,1.8,20.051675675675675,49.95,6.6000000000000005,3709.56,5,8,0,9,110,False
15628,7,9,362,4,45.25,1.125,18.51767741935484,66.0,6.959999999999999,2870.2400000000002,8,5,0,9,111,False
15632,99,8,259,15,37.0,1.1428571428571428,19.67251497005988,79.19999999999999,2.88,3285.31,7,6,0,8,58,False
15640,1,15,367,3,26.214285714285715,1.5,26.084264705882354,238.79999999999998,0.55,12416.11,10,3,3,12,59,False
15658,1,5,182,189,45.5,1.0,21.33541666666667,76.5,7.5,1024.1000000000001,5,8,0,5,64,True
15660,8,9,340,24,42.5,1.5,17.787333333333333,47.2,4.5600000000000005,1600.86,6,7,0,9,82,False
15671,103,7,252,18,42.0,1.4,34.065769230769234,306.0,6.959999999999999,2657.13,5,8,0,7,116,False
15680,7,3,356,8,178.0,1.0,17.09846153846154,62.400000000000006,4.68,1333.68,3,10,1,2,325,False
15681,93,5,255,24,63.75,1.6666666666666667,26.90867924528302,68.0,7.800000000000001,1426.16,3,10,0,5,155,False
15687,43,9,321,8,40.125,1.2857142857142858,18.030722891566263,51.0,10.0,2993.1,7,6,0,9,121,False
15694,0,13,372,0,31.0,1.4444444444444444,83.95324675324675,406.8,12.5,6464.4,9,4,1,12,109,False
15696,47,8,293,32,41.857142857142854,1.6,16.137559523809525,59.95,0.85,2711.11,5,8,2,6,140,False
15708,4,7,328,40,54.666666666666664,1.1666666666666667,11.8507326007326,65.4,0.39,3235.25,6,7,7,0,97,False
15712,86,5,278,8,69.5,1.0,20.233207547169815,101.76,9.95,1072.3600000000001,5,8,0,5,104,False
15719,36,13,304,32,25.333333333333332,1.1818181818181819,5.4069032258064516,39.0,0.55,5028.42,11,2,0,13,35,False
15722,83,5,254,35,63.5,1.25,33.00313432835821,231.0,1.45,2211.21,4,9,1,4,102,False
15727,14,7,342,16,57.0,1.0,17.139734219269105,250.0,0.55,5159.06,7,6,0,7,90,False
15737,131,8,228,14,32.57142857142857,1.6,16.734084507042255,41.6,6.2,1188.1200000000001,5,8,0,8,68,False
15738,1,16,353,18,23.533333333333335,1.3333333333333333,27.817456647398846,98.10000000000001,6.8,4812.42,12,1,2,14,46,False
15750,7,8,364,2,52.0,1.3333333333333333,8.464089347079039,40.8,0.78,2463.05,6,7,0,8,112,False
15752,1,7,333,39,55.5,1.0,6.485432098765432,50.400000000000006,0.38,2626.6,7,6,0,7,99,False
15755,79,6,284,9,56.8,1.2,16.7677304964539,35.400000000000006,1.45,2364.25,5,8,0,6,127,False
15764,97,6,188,87,37.6,1.5,18.222055555555553,178.75,1.25,3279.97,4,9,0,6,92,True
15769,2,26,363,6,14.52,2.0,432.7132307692308,1980.0,40.68,56252.72,13,0,1,25,47,False
15785,78,5,262,32,65.5,1.25,28.059879518072293,175.2,6.64,2328.9700000000003,4,9,0,5,125,False
15796,71,8,301,0,43.0,1.1428571428571428,20.6687786259542,91.80000000000001,0.84,2707.61,7,6,2,6,86,False
15804,175,13,198,0,16.5,1.625,16.023916349809888,250.0,3.3600000000000003,4214.29,8,5,1,12,39,False
15805,9,17,341,22,21.3125,2.125,18.355117056856187,102.0,4.5600000000000005,5488.18,8,5,0,17,76,False
15809,71,5,266,35,66.5,1.0,14.736285714285714,20.4,4.5600000000000005,515.77,5,8,0,5,148,False
15811,8,6,343,21,68.6,1.2,16.681353383458646,47.7,5.04,2218.62,5,8,0,6,99,False
15812,56,5,210,106,52.5,1.0,43.930243902439024,297.0,1.7,1801.14,5,8,0,5,65,True
15815,114,5,196,63,49.0,1.0,42.86938775510204,254.4,5.04,2100.6,5,8,0,5,77,False
15822,14,2,356,2,356.0,1.0,26.832424242424242,70.8,2.8499999999999996,885.47,2,11,0,2,356,False
15827,1,14,299,72,23.0,1.4,15.966000000000001,31.6,6.64,1836.0900000000001,10,3,2,12,56,True
15838,6,19,356,10,19.77777777777778,1.9,201.45556886227547,1790.0,17.28,33643.08,10,3,0,19,56,False
15845,36,8,319,17,45.57142857142857,1.1428571428571428,26.896884057971015,81.12,6.6000000000000005,3711.77,7,6,0,8,76,False
15854,12,12,357,3,32.45454545454545,1.3333333333333333,21.51536231884058,214.20000000000002,0.21,2969.12,9,4,1,11,82,False
15855,110,5,126,136,31.5,1.0,8.903,39.6,0.95,712.24,5,8,0,5,47,True
15856,8,27,361,3,13.884615384615385,2.4545454545454546,25.745422647527914,408.0,0.29,16142.380000000001,11,2,1,26,50,False
15858,6,5,351,15,87.75,1.0,7.59345744680851,102.0,0.1,1427.57,5,8,0,5,211,False
15860,5,8,327,40,46.714285714285715,1.3333333333333333,6.943597122302158,33.9,0.84,965.16,6,7,3,5,115,False
15861,106,8,254,11,36.285714285714285,2.0,5.82762962962963,165.0,0.42,3146.92,4,9,3,5,132,False
15862,0,4,365,7,121.66666666666667,1.0,5.665850340136054,40.56,0.42,832.88,4,9,0,4,169,False
15864,57,6,293,21,58.6,1.2,96.816,225.0,9.899999999999999,1936.3200000000002,5,8,1,5,138,False
15867,4,15,363,4,25.928571428571427,1.25,8.322975929978117,52.199999999999996,0.42,3803.6,12,1,2,13,48,False
15874,89,7,220,63,36.666666666666664,1.1666666666666667,36.71566666666667,306.0,0.65,4405.88,6,7,0,7,114,False
15881,9,5,52,311,13.0,2.5,17.289310344827587,100.80000000000001,0.29,501.39000000000004,2,11,0,5,49,True
15898,5,5,367,0,91.75,1.25,16.474166666666665,275.0,0.65,1383.83,4,9,1,4,225,False
15903,78,7,285,9,47.5,1.75,69.28054054054054,237.60000000000002,5.04,5126.76,4,9,1,6,150,False
15906,118,7,235,19,39.166666666666664,1.4,10.451266666666667,51.0,0.65,1567.69,5,8,3,4,76,False
15910,57,8,315,0,45.0,1.0,4.6198496240601505,19.8,0.39,1228.88,8,5,0,8,108,False
15916,7,8,350,15,50.0,1.3333333333333333,9.95271523178808,44.75,0.78,1502.8600000000001,6,7,0,8,114,False
15919,5,2,349,19,349.0,1.0,4.308934426229508,25.5,0.39,525.69,2,11,1,1,349,False
15932,84,8,285,3,40.714285714285715,1.0,21.703217391304346,122.04,4.5600000000000005,2495.87,8,5,0,8,84,False
15938,50,5,211,111,52.75,1.0,22.476666666666667,60.0,9.899999999999999,404.58,5,8,2,3,88,True
15939,42,14,241,89,18.53846153846154,1.5555555555555556,81.33346666666667,306.0,10.08,6100.01,9,4,3,11,46,True
15950,14,4,327,31,109.0,1.0,17.986701030927836,67.85000000000001,0.85,1744.71,4,9,0,4,253,False
15953,4,8,354,14,50.57142857142857,1.3333333333333333,17.085360824742267,81.6,0.42,1657.28,6,7,2,6,146,False
15955,1,14,348,23,26.76923076923077,2.0,24.13256830601093,179.0,6.64,4416.26,7,6,1,13,129,False
15965,6,4,350,16,116.66666666666667,2.0,7.287117117117117,59.0,0.55,808.87,2,11,0,4,338,False
15971,62,12,293,17,26.636363636363637,1.5,123.37941176470588,708.0,10.5,4194.9,8,5,0,12,85,False
15974,85,7,249,38,41.5,1.0,19.557670454545455,175.2,4.5600000000000005,3442.15,7,6,0,7,65,False
15981,62,8,286,24,40.857142857142854,1.0,35.13896907216495,102.0,12.600000000000001,3408.48,8,5,0,8,60,False
15983,0,4,351,21,117.0,2.0,13.081428571428571,91.8,0.84,1465.12,2,11,0,4,338,False
15984,5,10,365,2,40.55555555555556,1.25,10.777635658914729,183.06,0.42,2780.63,8,5,1,9,123,False
15987,5,7,356,11,59.333333333333336,1.4,11.193515625,353.34000000000003,0.21,1432.77,5,8,1,6,149,False
15993,329,7,35,8,5.833333333333333,2.3333333333333335,5.10880073800738,30.0,0.29,2768.97,3,10,1,6,10,False
15996,7,6,277,87,55.4,1.0,8.130551181102362,35.95,1.25,1032.58,6,7,1,5,98,True
15998,11,5,325,36,81.25,1.0,6.111547619047618,47.7,0.55,3080.22,5,8,1,4,99,False
16003,14,5,329,29,82.25,1.25,26.556990291262135,250.0,2.55,2735.37,4,9,0,5,193,False
16011,7,16,357,7,23.8,1.4545454545454546,15.966476190476191,70.80000000000001,0.42,3352.96,11,2,1,15,51,False
16013,2,47,367,3,7.978260869565218,3.6153846153846154,267.126618705036,1815.0,11.899999999999999,37130.6,13,0,0,47,35,False
16016,7,8,363,2,51.857142857142854,1.3333333333333333,6.542455357142857,33.9,0.29,1465.51,6,7,0,8,140,False
16019,9,9,317,46,39.625,1.2857142857142858,23.664,175.2,0.95,3786.2400000000002,7,6,0,9,95,False
16027,71,6,210,91,42.0,1.2,58.41375,165.0,14.75,934.62,5,8,0,6,65,True
16029,0,62,335,38,5.491803278688525,5.166666666666667,302.950375,2256.0,30.599999999999998,72708.09,12,1,0,62,23,False
16033,4,20,364,5,19.157894736842106,1.5384615384615385,7.782641843971631,85.0,0.42,8778.82,13,0,5,15,42,False
16042,41,5,310,21,77.5,1.25,16.821,34.68,7.95,1177.47,4,9,0,5,224,False
16057,89,7,268,15,44.666666666666664,1.75,18.703471074380165,39.599999999999994,9.95,2263.12,4,9,3,4,115,False
16059,6,6,301,65,60.2,1.0,8.163820224719101,30.0,0.85,1453.16,6,7,1,5,92,False
16062,9,4,355,9,118.33333333333333,1.0,18.0253125,102.0,5.04,1153.62,4,9,0,4,123,False
16066,249,5,107,16,26.75,1.6666666666666667,15.059801980198019,103.67999999999999,0.39,1521.04,3,10,3,2,62,False
16076,165,10,205,2,22.77777777777778,1.4285714285714286,17.323488372093024,59.400000000000006,1.1,2234.73,7,6,1,9,73,False
16081,7,5,310,55,77.5,1.0,12.553452914798207,81.6,0.39,2799.42,5,8,0,5,107,False
16085,53,5,297,22,74.25,1.0,5.877305389221557,17.9,0.42,981.51,5,8,2,3,157,False
16086,6,5,307,58,76.75,1.0,28.753589743589746,99.60000000000001,2.9,1121.39,5,8,0,5,101,False
16098,0,7,286,87,47.666666666666664,1.0,29.934776119402986,178.20000000000002,3.75,2005.63,7,6,0,7,74,True
16103,140,6,226,6,45.2,1.2,29.784166666666668,149.0,12.5,1429.64,5,8,0,6,78,False
16107,190,7,165,17,27.5,1.1666666666666667,103.36000000000001,237.60000000000002,17.700000000000003,3204.1600000000003,6,7,2,5,47,False
16115,81,8,282,9,40.285714285714285,1.0,5.952974910394265,29.700000000000003,0.65,1660.8799999999999,8,5,5,3,62,False
16122,7,4,293,72,97.66666666666667,1.0,18.01105263157895,124.80000000000001,3.3600000000000003,684.4200000000001,4,9,0,4,219,True
16128,91,5,264,17,66.0,1.25,21.126067415730336,79.80000000000001,5.04,1880.22,4,9,0,5,138,False
16131,134,6,188,51,37.6,1.5,44.95564102564102,135.0,6.959999999999999,3506.54,4,9,0,6,91,False
16133,55,33,314,3,9.8125,3.0,43.16284023668639,348.0,2.88,14589.04,11,2,1,32,42,False
16134,14,2,337,21,337.0,1.0,17.659714285714287,35.400000000000006,8.2,618.09,2,11,0,2,337,False
16140,2,2,305,65,305.0,1.0,20.71942857142857,103.67999999999999,5.04,725.18,2,11,0,2,305,False
16143,4,6,365,2,73.0,1.2,20.725982905982907,250.0,6.8,2424.94,5,8,1,5,104,False
16145,14,11,351,8,35.1,1.1,16.96200892857143,70.2,2.88,3799.4900000000002,10,3,1,10,63,False
16150,1,5,329,42,82.25,1.0,17.547179487179488,39.8,8.5,2053.02,5,8,0,5,141,False
16153,19,5,305,49,76.25,1.0,20.496966292134832,76.32000000000001,6.64,1824.23,5,8,0,5,137,False
16156,63,9,302,8,37.75,1.125,24.1565625,118.80000000000001,4.68,3092.04,8,5,0,9,66,False
16161,5,19,367,1,20.38888888888889,1.7272727272727273,11.748768577494692,49.5,0.84,5533.67,11,2,0,19,52,False
16168,4,27,359,10,13.807692307692308,2.4545454545454546,38.648979591836735,257.76,10.08,3787.6,11,2,7,20,50,False
16170,125,6,197,50,39.4,1.2,15.0804,46.8,2.88,1885.05,5,8,0,6,61,False
16172,132,5,146,94,36.5,1.25,16.524782608695652,59.400000000000006,5.04,1140.21,4,9,0,5,65,True
16173,275,6,82,15,16.4,2.0,16.884761904761906,44.550000000000004,6.72,1418.32,3,10,0,6,33,False
16180,121,8,152,99,21.714285714285715,1.6,63.29740740740741,179.0,7.800000000000001,10254.18,5,8,1,7,39,True
16184,162,6,147,63,29.4,1.2,25.750888888888888,54.08,10.2,1158.79,5,8,0,6,49,False
16186,1,12,349,22,31.727272727272727,1.5,18.38045871559633,70.80000000000001,5.04,4006.94,8,5,1,11,130,False
16187,89,15,252,31,18.0,1.875,23.428610169491527,83.2,5.04,6911.4400000000005,8,5,1,14,44,False
16191,13,13,357,2,29.75,1.8571428571428572,38.66059701492538,326.4,5.04,5180.52,7,6,0,13,210,False
16203,1,4,313,58,104.33333333333333,1.0,16.939999999999998,25.5,10.2,592.9,4,9,0,4,144,False
16209,127,5,157,88,39.25,1.25,49.18739130434783,1220.4,6.959999999999999,2262.62,4,9,0,5,60,True
16210,0,17,372,1,23.25,2.125,172.75655737704918,3254.4,6.72,21076.3,8,5,0,17,96,False
16218,0,7,343,29,57.166666666666664,1.1666666666666667,36.72238095238095,116.0,10.2,3084.68,6,7,1,6,118,False
16221,6,3,330,36,165.0,1.0,9.061684210526316,51.0,0.84,860.86,3,10,0,3,239,False
16225,96,5,232,44,58.0,1.25,8.181492537313432,44.550000000000004,0.29,1096.32,4,9,0,5,104,False
16233,7,3,295,70,147.5,1.0,24.394545454545458,87.6,10.2,536.6800000000001,3,10,0,3,258,True
16241,4,13,360,9,30.0,1.3,3.9546717557251907,34.0,0.29,2590.31,10,3,4,9,91,False
16242,96,7,268,7,44.666666666666664,1.1666666666666667,12.259794520547945,47.2,0.39,3579.86,6,7,0,7,99,False
16249,134,5,186,52,46.5,1.0,26.08797101449275,99.0,9.899999999999999,1800.07,5,8,1,4,63,False
16255,8,8,348,16,49.714285714285715,1.1428571428571428,9.70337037037037,40.32,0.19,2619.91,7,6,2,6,100,False
16258,154,5,173,44,43.25,1.0,38.54451851851852,403.2,9.959999999999999,5203.51,5,8,0,5,81,False
16265,9,9,355,8,44.375,1.2857142857142858,21.112403100775193,104.0,2.2800000000000002,5447.0,7,6,1,8,102,False
16266,167,7,132,73,22.0,1.4,14.129344262295081,50.0,0.42,861.89,5,8,0,7,42,True
16271,15,4,342,15,114.0,1.0,10.772403100775195,62.400000000000006,0.42,1389.64,4,9,0,4,215,False
16283,165,5,202,5,50.5,1.0,9.509757575757575,45.0,0.65,1569.11,5,8,4,1,62,False
16293,6,10,345,21,38.333333333333336,1.6666666666666667,19.059237288135595,50.400000000000006,5.04,2248.9900000000002,6,7,0,10,115,False
16306,6,6,153,213,30.6,1.5,15.42121951219512,53.1,1.7,632.27,4,9,0,6,80,True
16316,15,8,293,63,41.857142857142854,1.3333333333333333,19.46298013245033,250.0,2.2800000000000002,2938.91,6,7,0,8,92,False
16321,50,5,251,71,62.75,1.6666666666666667,31.137500000000003,53.1,14.850000000000001,373.65000000000003,3,10,0,5,232,True
16326,39,14,328,5,25.23076923076923,1.5555555555555556,10.130733333333334,70.8,0.42,3039.2200000000003,9,4,12,2,99,False
16327,4,6,355,13,71.0,1.0,11.992626582278481,67.6,0.85,3789.67,6,7,1,5,118,False
16332,68,7,277,27,46.166666666666664,1.1666666666666667,10.482119205298012,55.6,0.12,1582.8,6,7,1,6,153,False
16333,64,22,302,7,14.380952380952381,2.4444444444444446,591.7066666666667,2601.0,152.64000000000001,26626.8,9,4,0,22,68,False
16348,133,7,207,31,34.5,1.4,6.395067873303168,50.0,0.39,1413.31,5,8,0,7,62,False
16353,4,23,366,3,16.636363636363637,2.090909090909091,71.0181914893617,475.20000000000005,6.6000000000000005,6675.71,11,2,3,20,75,False
16359,42,9,324,6,40.5,1.0,26.52909090909091,228.96,2.1,1750.92,9,4,1,8,81,False
16360,285,6,83,4,16.6,1.5,5.425172955974842,35.7,0.39,3450.41,4,9,1,5,28,False
16362,282,5,58,31,14.5,1.6666666666666667,9.220649350649351,49.92,0.83,709.99,3,10,0,5,31,False
16365,6,9,349,17,43.625,1.8,30.2043137254902,393.7,0.85,1540.42,5,8,0,9,106,False
16367,11,2,325,36,325.0,1.0,6.304488188976378,20.8,0.29,800.67,2,11,1,1,325,False
16385,7,3,306,59,153.0,1.0,9.734385964912281,42.5,0.38,554.86,3,10,0,3,208,False
16393,4,13,366,1,30.5,1.3,9.299571865443426,74.7,0.55,3040.96,10,3,3,10,68,False
16394,84,5,232,56,58.0,1.0,18.73903614457831,100.8,4.68,1555.34,5,8,0,5,99,False
16395,43,5,270,60,67.5,1.25,7.194466019417476,40.8,0.39,1482.06,4,9,0,5,155,False
16401,46,12,326,0,29.636363636363637,1.2,22.033978494623653,148.5,0.65,4098.32,10,3,3,9,48,False
16407,61,10,299,12,33.22222222222222,1.25,12.379047619047618,75.0,0.55,2079.68,8,5,6,4,61,False
16409,56,5,281,35,70.25,1.0,8.757489177489177,40.32,0.42,2022.98,5,8,0,5,91,False
16411,4,2,349,18,349.0,1.0,4.8113636363636365,20.85,0.83,211.7,2,11,2,0,349,False
16419,62,6,199,112,39.8,1.5,19.1742,79.6,0.83,958.71,4,9,0,6,106,True
16422,4,51,351,16,7.02,4.25,93.99566395663958,408.0,7.800000000000001,34684.4,12,1,4,47,17,False
16426,97,10,273,1,30.333333333333332,2.0,5.279773371104816,81.36,0.39,1863.76,5,8,0,10,183,False
16434,74,7,270,28,45.0,1.1666666666666667,14.128971962616822,45.0,1.25,1511.8,6,7,5,2,95,False
16438,291,5,76,5,19.0,1.25,6.04810606060606,26.099999999999998,0.38,798.35,4,9,3,2,39,False
16440,159,5,206,7,51.5,1.25,12.91017730496454,102.0,0.84,3640.67,4,9,0,5,148,False
16442,13,3,359,1,179.5,1.0,3.563157894736842,30.0,0.12,609.3,3,10,0,3,225,False
16455,2,7,307,63,51.166666666666664,1.4,18.59777777777778,34.68,1.9,1841.18,5,8,0,7,109,False
16456,0,5,273,98,68.25,1.0,19.61981818181818,104.0,0.19,2158.18,5,8,2,3,124,True
16458,13,18,357,2,21.0,1.5,17.241287128712873,41.6,0.78,3482.7400000000002,12,1,2,16,55,False
16466,81,7,258,33,43.0,1.1666666666666667,10.931232876712329,86.10000000000001,1.1,1595.96,6,7,7,0,83,False
16470,15,4,307,51,102.33333333333333,1.0,4.590060975609756,29.700000000000003,0.29,752.77,4,9,0,4,165,False
16474,228,7,137,6,22.833333333333332,1.4,5.388363095238096,50.400000000000006,0.19,1810.49,5,8,3,4,56,False
16477,2,7,307,63,51.166666666666664,1.1666666666666667,17.085342465753424,35.400000000000006,6.959999999999999,2494.46,6,7,1,6,82,False
16497,40,6,283,49,56.6,1.5,21.80654411764706,99.0,5.04,2965.69,4,9,0,6,153,False
16500,43,6,326,4,65.2,2.0,36.441818181818185,165.0,10.2,400.86,3,10,0,6,294,False
16515,62,5,259,51,64.75,1.0,14.631891891891893,142.8,0.65,1624.14,5,8,0,5,96,False
16519,8,2,340,24,340.0,1.0,17.74833333333333,51.0,2.08,212.98,2,11,0,2,340,False
16523,58,21,313,1,15.65,1.9090909090909092,32.477482758620695,198.0,4.5600000000000005,9418.470000000001,11,2,3,18,47,False
16525,7,26,364,1,14.56,2.1666666666666665,71.18825136612023,330.0,10.08,13027.45,12,1,4,22,42,False
16531,13,7,338,21,56.333333333333336,1.1666666666666667,16.163506493506492,33.9,4.8,1244.59,6,7,0,7,167,False
16539,0,4,370,2,123.33333333333333,1.3333333333333333,30.862444444444442,70.8,9.899999999999999,1388.81,3,10,0,4,216,False
16549,39,10,324,9,36.0,2.0,4.362054054054054,61.199999999999996,0.39,4034.9,5,8,3,7,210,False
16550,5,5,259,108,64.75,1.25,9.159243027888445,38.25,1.25,2298.97,4,9,0,5,132,True
16553,13,12,197,162,17.90909090909091,2.0,68.09309523809523,244.79999999999998,11.7,5719.82,6,7,0,12,55,True
16556,13,7,293,66,48.833333333333336,1.0,16.008647342995168,81.6,5.04,3313.79,7,6,1,6,65,False
16558,7,20,365,0,19.210526315789473,1.5384615384615385,18.127152173913043,252.0,1.58,8338.49,13,0,1,19,40,False
16560,15,2,331,26,331.0,1.0,15.179122807017544,39.6,5.04,865.21,2,11,1,1,331,False
16566,81,5,277,14,69.25,1.0,34.147777777777776,108.16,7.800000000000001,614.66,5,8,1,4,113,False
16570,62,10,296,14,32.888888888888886,1.4285714285714286,29.66984126984127,121.67999999999999,4.68,3738.4,7,6,0,10,70,False
16592,86,16,283,3,18.866666666666667,2.0,19.044814814814817,91.80000000000001,9.36,4113.68,8,5,5,11,86,False
16596,7,2,350,15,350.0,1.0,20.845833333333335,39.8,14.850000000000001,250.15,2,11,0,2,350,False
16600,35,6,334,3,66.8,1.2,13.121290322580645,30.0,2.88,813.52,5,8,0,6,178,False
16607,15,14,341,17,26.23076923076923,1.4,19.46343023255814,295.0,4.0,3347.71,10,3,0,14,66,False
16609,121,7,237,14,39.5,1.4,19.903840579710145,62.400000000000006,4.5600000000000005,5493.46,5,8,0,7,72,False
16618,51,5,291,30,72.75,1.25,27.579062500000003,157.92000000000002,6.959999999999999,2647.59,4,9,0,5,179,False
16626,107,17,265,0,16.5625,2.125,24.65418994413408,158.4,1.65,4413.1,8,5,2,15,81,False
16628,139,5,205,29,51.25,1.0,18.701282051282053,102.0,8.5,2188.05,5,8,0,5,82,False
16633,139,6,216,16,43.2,1.0,18.967763157894737,60.0,5.04,2883.1,6,7,1,5,66,False
16638,5,10,346,22,38.44444444444444,1.4285714285714286,17.88,119.9,3.5100000000000002,1680.72,7,6,1,9,144,False
16652,100,7,214,58,35.666666666666664,1.4,57.406525423728816,175.2,4.32,6773.97,5,8,0,7,102,False
16655,42,6,314,17,62.8,1.2,14.688062015503876,204.0,0.29,3789.52,5,8,2,4,145,False
16656,9,15,342,21,24.428571428571427,1.3636363636363635,118.16164383561643,504.0,10.08,8625.8,11,2,0,15,48,False
16668,89,6,269,14,53.8,1.0,15.335999999999999,39.0,9.959999999999999,306.71999999999997,6,7,1,5,101,False
16670,15,11,341,16,34.1,1.375,16.25357142857143,43.8,3.3600000000000003,4095.9,8,5,0,11,74,False
16672,107,20,264,1,13.894736842105264,2.2222222222222223,71.35912280701754,226.8,9.899999999999999,8134.9400000000005,9,4,0,20,36,False
16678,91,12,280,2,25.454545454545453,1.5,19.07969325153374,89.10000000000001,0.39,3109.99,8,5,2,10,62,False
16681,120,6,180,72,36.0,1.2,40.235,117.0,10.08,1770.34,5,8,0,6,66,True
16682,186,5,183,4,45.75,1.0,34.266666666666666,101.39999999999999,6.959999999999999,1028.0,5,8,1,4,66,False
16684,15,28,353,3,13.074074074074074,3.111111111111111,240.6265703971119,1494.0000000000002,25.44,66653.56,9,4,5,23,67,False
16686,18,7,307,46,51.166666666666664,1.0,5.440955882352942,39.95,0.21,2959.88,7,6,4,3,90,False
16700,7,13,357,8,29.75,1.0833333333333333,16.482305194805196,44.550000000000004,5.04,5076.55,12,1,1,12,51,False
16701,12,13,352,8,29.333333333333332,1.3,37.488194444444446,163.2,0.48,5398.3,10,3,2,11,75,False
16705,15,20,358,0,18.842105263157894,2.2222222222222223,51.98144444444444,244.79999999999998,9.3,14034.99,9,4,1,19,70,False
16709,92,5,197,84,49.25,1.25,38.35278481012658,153.0,13.44,3029.87,4,9,0,5,114,True
16710,5,10,349,18,38.77777777777778,1.6666666666666667,6.263934010152283,51.0,0.42,2467.99,6,7,4,6,83,False
16711,16,5,354,2,88.5,1.0,75.04681818181818,297.0,15.12,1651.03,5,8,1,4,161,False
16712,97,11,266,8,26.6,1.8333333333333333,8.246361556064073,249.60000000000002,0.29,3603.66,6,7,0,11,76,False
16713,7,15,347,18,24.785714285714285,1.5,11.164426494345719,105.60000000000001,0.55,6910.78,10,3,0,15,63,False
16717,7,6,342,23,68.4,1.5,19.40949494949495,83.4,5.04,3843.08,4,9,0,6,193,False
16719,5,7,353,14,58.833333333333336,1.0,9.031734693877551,35.8,0.42,1770.22,7,6,0,7,86,False
16722,5,13,351,16,29.25,1.3,21.025822222222224,162.72,4.5600000000000005,4730.81,10,3,0,13,78,False
16725,2,6,69,301,13.8,2.0,5.255694444444445,30.0,0.21,756.82,3,10,0,6,23,True
16726,12,5,335,25,83.75,1.25,7.633370786516854,41.25,0.29,1358.74,4,9,1,4,170,False
16729,132,21,203,37,10.15,2.625,10.995435114503817,67.6,0.38,7202.01,8,5,0,21,19,False
16735,39,5,255,78,63.75,1.6666666666666667,19.374224137931034,60.0,1.95,2247.41,3,10,1,4,140,True
16743,15,7,329,28,54.833333333333336,1.1666666666666667,11.648052631578947,49.92,0.55,2213.13,6,7,0,7,84,False
16744,200,7,161,10,26.833333333333332,1.4,5.4741949152542375,49.75,0.39,1291.91,5,8,6,1,48,False
16745,62,17,225,86,14.0625,2.125,20.227323943661972,136.0,0.65,7180.7,8,5,2,15,28,True
16746,15,18,354,4,20.823529411764707,1.6363636363636365,15.045292792792791,126.0,1.25,6680.11,11,2,4,14,39,False
16748,39,5,316,17,79.0,1.25,21.969565217391306,41.6,8.5,1515.9,4,9,1,4,180,False
16750,141,5,187,44,46.75,1.0,6.567684210526315,62.5,0.42,623.93,5,8,0,5,96,False
16764,230,13,139,3,11.583333333333334,2.1666666666666665,3.987071428571429,33.15,0.29,2790.9500000000003,6,7,1,12,27,False
16767,57,11,285,30,28.5,1.375,25.22877828054299,204.0,1.65,5575.56,8,5,0,11,63,False
16770,1,5,314,57,78.5,1.25,5.407857142857143,39.95,0.39,757.1,4,9,2,3,178,False
16771,35,5,304,32,76.0,1.0,8.816640316205534,38.25,0.79,2230.61,5,8,2,3,200,False
16775,6,11,357,9,35.7,1.1,10.773949044585986,65.69999999999999,0.38,1691.51,10,3,0,11,85,False
16779,7,22,364,1,17.333333333333332,1.8333333333333333,32.05957703927493,234.0,0.42,10611.720000000001,12,1,3,19,42,False
16782,8,13,355,9,29.583333333333332,1.625,12.393169398907105,102.0,0.85,2267.9500000000003,8,5,1,12,60,False
16790,336,6,34,3,6.8,3.0,16.61956989247312,35.400000000000006,2.95,1545.6200000000001,2,11,1,5,12,False
16791,41,7,303,28,50.5,1.1666666666666667,5.4090415335463256,38.25,0.55,1693.03,6,7,0,7,90,False
16794,193,10,179,0,19.88888888888889,1.4285714285714286,4.312202166064982,21.0,0.29,1194.48,7,6,5,5,41,False
16809,111,5,239,22,59.75,1.0,6.138859060402685,20.8,0.84,914.69,5,8,2,3,74,False
16813,169,10,196,7,21.77777777777778,1.4285714285714286,3.878356807511737,60.48,0.29,1652.18,7,6,4,6,41,False
16814,4,21,355,13,17.75,1.75,20.147169811320754,135.0,0.55,6406.8,12,1,1,20,38,False
16817,5,9,365,2,45.625,1.2857142857142858,18.65988372093023,79.9,4.2,1604.75,7,6,0,9,153,False
16818,168,11,194,10,19.4,1.8333333333333333,17.775238095238095,59.9,2.2800000000000002,3359.52,6,7,1,10,60,False
16837,128,11,214,30,21.4,2.2,19.218060606060607,175.2,4.5600000000000005,3170.98,5,8,0,11,98,False
16839,4,34,360,8,10.909090909090908,2.8333333333333335,62.38477443609022,297.0,5.04,16594.35,12,1,2,32,39,False
16841,86,6,250,36,50.0,1.2,16.119137931034484,95.2,2.88,1869.82,5,8,0,6,100,False
16843,46,16,284,42,18.933333333333334,2.0,26.97505291005291,142.8,2.88,10196.57,8,5,1,15,48,False
16863,7,2,335,30,335.0,1.0,19.338461538461537,50.0,7.4399999999999995,502.8,2,11,0,2,335,False
16871,103,6,248,21,49.6,1.5,20.528029197080293,70.80000000000001,2.52,2812.34,4,9,1,5,121,False
16873,9,6,359,4,71.8,1.0,25.53268817204301,350.0,5.04,7123.62,6,7,1,5,118,False
16875,34,5,272,66,68.0,1.25,18.710089285714286,39.8,6.959999999999999,2095.53,4,9,0,5,151,False
16877,165,6,195,11,39.0,1.5,5.427051282051282,25.0,0.39,846.62,4,9,6,0,111,False
16880,184,7,158,30,26.333333333333332,1.4,8.571436781609195,57.75,0.65,1491.43,5,8,3,4,69,False
16885,16,3,341,14,170.5,1.0,4.691770833333334,23.8,0.29,450.41,3,10,0,3,305,False
16891,2,5,369,1,92.25,1.0,3.991559139784946,17.0,0.24,742.43,5,8,0,5,230,False
16892,190,5,182,0,45.5,1.6666666666666667,5.3421649484536085,25.0,0.21,518.19,3,10,0,5,154,False
16898,5,3,342,25,171.0,1.0,3.191273885350318,30.0,0.18,501.03,3,10,1,2,191,False
16899,13,6,352,7,70.4,1.0,10.333821138211382,49.5,0.55,1271.06,6,7,2,4,153,False
16904,6,15,362,3,25.857142857142858,1.5,5.482579185520362,91.80000000000001,0.39,3634.95,10,3,0,15,79,False
16905,2,7,366,4,61.0,1.1666666666666667,15.2643216080402,122.39999999999999,0.79,3037.6,6,7,5,2,189,False
16907,8,5,336,28,84.0,1.0,6.634,78.96000000000001,0.42,928.76,5,8,0,5,119,False
16910,282,8,86,3,12.285714285714286,2.0,2.7687339449541284,19.9,0.21,1508.96,4,9,0,8,43,False
16912,50,11,294,28,29.4,1.8333333333333333,25.555799999999998,76.5,10.08,2555.58,6,7,0,11,83,False
16915,90,6,274,8,54.8,1.0,10.906666666666668,149.85000000000002,0.39,621.6800000000001,6,7,0,6,83,False
16916,1,2,348,23,348.0,1.0,4.135367647058823,19.799999999999997,0.39,562.41,2,11,0,2,348,False
16918,56,6,267,49,53.4,1.5,8.35015625,37.5,0.78,1068.82,4,9,1,5,157,False
16919,5,11,212,155,21.2,2.2,7.951687116564417,67.5,0.42,2592.25,5,8,0,11,111,True
16923,11,19,350,11,19.444444444444443,1.9,11.292460063897764,150.0,0.12,7069.08,10,3,15,4,53,False
16928,0,17,292,79,18.25,1.8888888888888888,13.826354679802956,75.0,0.84,2806.75,9,4,1,16,50,True
16929,218,7,151,3,25.166666666666668,1.4,16.823246753246753,39.599999999999994,6.72,1295.39,5,8,0,7,55,False
16931,4,21,364,4,18.2,1.6153846153846154,5.140936794582393,26.55,0.12,4554.87,13,0,19,2,36,False
16942,146,9,215,12,26.875,1.8,6.877220216606498,47.7,0.29,1904.99,5,8,2,7,102,False
16945,15,19,336,21,18.666666666666668,1.9,17.451807228915662,62.400000000000006,2.9,4345.5,10,3,2,17,53,False
16949,57,6,312,3,62.4,1.0,21.437833333333334,250.0,2.2800000000000002,1286.27,6,7,1,5,145,False
16950,6,3,310,56,155.0,1.0,28.06095238095238,163.2,0.83,1178.56,3,10,1,2,242,False
16954,14,9,358,0,44.75,1.5,38.61259259259259,141.60000000000002,10.08,2085.08,6,7,1,8,129,False
16966,133,7,231,7,38.5,1.1666666666666667,76.96321428571427,312.0,3.25,2154.97,6,7,0,7,125,False
16979,76,6,294,3,58.8,1.2,20.808988764044944,175.2,0.58,1852.0,5,8,0,6,149,False
16983,4,7,356,12,59.333333333333336,1.1666666666666667,13.327762237762236,59.400000000000006,0.36,1905.87,6,7,7,0,90,False
16985,15,10,341,16,37.888888888888886,1.4285714285714286,45.53433333333333,244.79999999999998,9.899999999999999,5464.12,7,6,1,9,70,False
16987,168,7,202,2,33.666666666666664,1.75,12.63125,187.0,1.25,1616.8,4,9,2,5,115,False
16989,223,6,143,6,28.6,1.2,94.4375,178.20000000000002,33.0,1133.25,5,8,0,6,52,False
16992,89,5,274,10,68.5,1.25,17.358172043010754,39.6,6.64,1614.31,4,9,0,5,100,False
16996,20,6,323,29,64.6,1.2,39.3772972972973,102.0,15.0,1456.96,5,8,0,6,124,False
17001,15,11,358,0,35.8,1.0,23.606923076923078,58.5,7.56,3989.57,11,2,1,10,59,False
17007,16,6,306,50,61.2,1.5,17.114038461538463,74.25,5.04,889.9300000000001,4,9,1,5,142,False
17017,1,20,369,2,19.42105263157895,2.0,34.50103174603175,162.72,6.959999999999999,8694.26,10,3,1,19,89,False
17019,5,4,357,10,119.0,1.0,5.517894736842105,42.0,0.29,1258.08,4,9,0,4,250,False
17025,0,3,312,60,156.0,1.5,39.75222222222222,90.0,10.4,357.77,2,11,0,3,312,False
17027,56,6,238,78,47.6,1.2,5.92945945945946,39.480000000000004,0.55,877.5600000000001,5,8,0,6,104,True
17033,14,3,273,85,136.5,1.0,36.79071428571429,254.4,5.04,1030.14,3,10,0,3,145,True
17041,13,3,333,26,166.5,1.0,15.528840579710145,35.400000000000006,3.78,1071.49,3,10,1,2,251,False
17042,126,5,244,2,61.0,1.0,10.686391752577318,40.56,0.85,1036.58,5,8,0,5,118,False
17049,98,9,273,2,34.125,1.125,17.839211356466876,250.0,3.4799999999999995,5655.03,8,5,1,8,61,False
17050,74,6,203,95,40.6,1.2,10.342987012987013,50.0,0.55,3185.64,5,8,6,0,90,True
17054,128,5,216,27,54.0,1.25,16.34132530120482,65.4,5.04,1356.33,4,9,0,5,109,False
17059,4,5,339,29,84.75,1.0,5.9929766536964975,45.36,0.42,3080.39,5,8,2,3,108,False
17061,141,11,158,73,15.8,1.8333333333333333,52.850808080808086,415.00000000000006,1.95,5232.2300000000005,6,7,1,10,37,True
17063,84,7,268,20,44.666666666666664,1.75,18.732564102564105,45.0,6.959999999999999,1461.14,4,9,0,7,126,False
17068,5,21,355,11,17.75,1.9090909090909092,15.409796610169492,85.0,2.08,4545.89,11,2,4,17,41,False
17069,0,9,345,27,43.125,1.8,18.948951048951052,63.75,0.85,2709.7000000000003,5,8,0,9,111,False
17071,63,9,281,27,35.125,1.125,17.350214285714287,59.400000000000006,1.9,2429.03,8,5,1,8,56,False
17076,9,3,328,35,164.0,1.0,33.6432,76.32000000000001,9.899999999999999,841.0799999999999,3,10,0,3,237,False
17085,11,5,239,122,59.75,1.25,8.4,50.0,0.85,1562.4,4,9,3,2,127,True
17086,310,6,56,6,11.2,2.0,21.355,208.79999999999998,4.68,2050.08,3,10,0,6,17,False
17090,19,7,349,3,58.166666666666664,1.1666666666666667,32.37131147540984,162.72,1.1400000000000001,1974.65,6,7,0,7,129,False
17091,6,9,365,2,45.625,1.2857142857142858,19.629538461538463,69.6,6.8,3827.76,7,6,0,9,87,False
17097,8,8,363,1,51.857142857142854,1.6,4.523317535545024,39.8,0.21,954.42,5,8,1,7,209,False
17107,95,6,244,32,48.8,1.2,25.955480769230768,222.0,0.42,10797.48,5,8,5,1,79,False
17109,141,6,203,28,40.6,2.0,7.597327586206896,40.56,0.39,881.29,3,10,0,6,187,False
17114,39,8,329,5,47.0,1.0,6.5131707317073175,25.0,0.39,801.12,8,5,6,2,105,False
17126,11,5,210,151,52.5,1.6666666666666667,3.989717741935484,27.04,0.39,989.45,3,10,5,0,147,True
17131,298,5,70,4,17.5,1.25,18.38186567164179,81.6,0.39,2463.17,4,9,5,0,28,False
17133,107,7,250,15,41.666666666666664,1.4,181.1940740740741,816.0,6.6,4892.240000000001,5,8,1,6,102,False
17135,2,7,355,15,59.166666666666664,1.75,21.917884615384615,85.0,4.5600000000000005,1139.73,4,9,0,7,237,False
17139,85,12,273,15,24.818181818181817,1.5,22.328658280922433,165.0,6.8,10650.77,8,5,0,12,53,False
17158,13,3,328,31,164.0,1.0,18.91,45.0,5.04,1266.97,3,10,0,3,200,False
17160,132,6,210,30,42.0,1.5,15.362576419213974,33.0,5.04,3518.03,4,9,0,6,78,False
17162,68,10,276,28,30.666666666666668,1.6666666666666667,16.494807692307692,30.599999999999998,5.04,1715.46,6,7,1,9,102,False
17164,100,7,240,32,40.0,1.4,17.134375,35.7,5.04,2467.35,5,8,0,7,71,False
17173,242,8,125,4,17.857142857142858,1.6,43.79767441860465,142.8,12.600000000000001,3766.6,5,8,2,6,58,False
17181,0,2,316,56,316.0,1.0,10.431304347826087,79.2,1.25,239.92000000000002,2,11,0,2,316,False
17183,268,6,97,7,19.4,1.5,45.85356164383562,180.0,5.04,3347.31,4,9,2,4,51,False
17188,11,7,351,10,58.5,1.75,29.455119047619046,175.2,5.04,2474.23,4,9,1,6,151,False
17191,5,7,340,27,56.666666666666664,1.4,8.871525423728812,60.0,0.85,2093.68,5,8,0,7,97,False
17193,197,7,141,35,23.5,1.75,53.103125000000006,140.4,6.64,1699.3000000000002,4,9,0,7,90,False
17198,2,3,347,23,173.5,1.5,7.210625,51.0,0.21,692.22,2,11,0,3,341,False
17203,313,6,24,35,4.8,3.0,24.054594594594594,214.56,0.42,3560.08,2,11,0,6,16,False
17211,4,8,342,26,48.857142857142854,1.3333333333333333,10.982085308056874,50.0,1.25,2317.2200000000003,6,7,6,2,132,False
17213,7,7,326,39,54.333333333333336,1.75,17.71484076433121,39.95,6.6000000000000005,2781.23,4,9,2,5,172,False
17214,14,6,298,59,59.6,1.2,10.486336633663367,85.0,0.42,1059.1200000000001,5,8,1,5,163,False
17218,5,10,363,3,40.333333333333336,1.6666666666666667,7.202841328413284,42.5,0.42,1951.97,6,7,5,5,124,False
17220,9,14,339,23,26.076923076923077,1.5555555555555556,6.8255888650963605,33.9,0.55,3187.55,9,4,0,14,58,False
17227,5,6,349,18,69.8,1.0,19.985531914893617,201.60000000000002,0.39,939.32,6,7,0,6,111,False
17228,1,8,356,15,50.857142857142854,1.3333333333333333,9.16389423076923,49.92,1.6500000000000001,1906.09,6,7,0,8,120,False
17230,14,8,95,263,13.571428571428571,2.6666666666666665,52.73057971014492,175.2,0.95,3638.41,3,10,1,7,46,True
17231,12,10,349,11,38.77777777777778,1.1111111111111112,5.884595103578154,30.0,0.29,3124.72,9,4,2,8,63,False
17235,1,2,347,24,347.0,1.0,18.96758620689655,69.36,0.78,550.06,2,11,0,2,347,False
17236,11,6,350,12,70.0,1.0,8.725047619047618,47.6,0.42,916.13,6,7,3,3,166,False
17238,2,17,368,2,23.0,1.7,6.701081081081081,41.25,0.39,3719.1,10,3,0,17,51,False
17243,4,26,368,0,14.72,2.1666666666666665,22.102720207253885,408.0,0.85,8531.65,12,1,12,14,58,False
17262,7,5,313,51,78.25,1.25,104.44666666666667,415.00000000000006,1.65,1253.3600000000001,4,9,0,5,174,False
17284,37,6,276,59,55.2,1.2,5.661443298969072,48.75,0.63,1647.48,5,8,1,5,100,False
17287,1,7,346,25,57.666666666666664,1.1666666666666667,8.598852459016394,60.0,0.39,1049.06,6,7,1,6,115,False
17288,15,7,349,8,58.166666666666664,1.1666666666666667,10.125928571428572,60.0,0.19,1417.63,6,7,1,6,194,False
17293,12,9,352,7,44.0,1.125,14.04590909090909,75.0,0.62,1854.06,8,5,0,9,152,False
17302,68,5,290,14,72.5,1.25,14.375063291139242,90.0,0.39,1135.63,4,9,1,4,97,False
17306,20,19,342,10,19.0,1.9,130.77742424242425,324.0,19.92,8631.31,10,3,0,19,50,False
17314,61,8,287,24,41.0,1.1428571428571428,19.297099236641223,76.19999999999999,5.04,2527.92,7,6,0,8,90,False
17315,16,36,355,1,10.142857142857142,2.769230769230769,13.335790598290597,175.2,0.12,6241.15,13,0,3,33,34,False
17323,81,7,277,14,46.166666666666664,1.1666666666666667,4.655257731958763,20.8,0.55,903.12,6,7,6,1,77,False
17324,7,4,348,17,116.0,1.3333333333333333,20.132244897959183,139.2,0.95,986.48,3,10,0,4,310,False
17338,12,8,344,16,49.142857142857146,1.0,9.019123783031988,51.0,0.21,6484.75,8,5,0,8,97,False
17339,8,2,270,93,270.0,1.0,27.040000000000003,82.80000000000001,13.919999999999998,243.36,2,11,0,2,270,True
17340,7,11,336,29,33.6,1.5714285714285714,30.352063882063884,276.0,1.25,12353.29,7,6,0,11,111,False
17346,0,15,369,3,26.357142857142858,1.6666666666666667,5.430393374741201,45.760000000000005,0.12,2622.88,9,4,2,13,75,False
17348,76,5,283,14,70.75,1.6666666666666667,5.430046948356807,39.599999999999994,0.21,1156.6,3,10,0,5,226,False
17364,42,11,330,0,33.0,1.5714285714285714,10.991822660098522,69.36,0.21,4462.68,7,6,0,11,108,False
17365,41,8,320,12,45.714285714285715,1.1428571428571428,10.263620689655172,71.4,0.39,4762.32,7,6,1,7,82,False
17368,36,8,314,22,44.857142857142854,1.6,17.559532710280372,297.0,0.78,1878.87,5,8,1,7,83,False
17371,12,3,343,16,171.5,1.5,4.865116279069767,47.7,0.39,418.4,2,11,0,3,343,False
17372,11,8,321,40,45.857142857142854,1.6,5.3274103585657375,35.400000000000006,0.84,1337.18,5,8,4,4,105,False
17377,0,20,349,23,18.36842105263158,2.5,10.045346534653465,153.0,0.55,4058.32,8,5,3,17,82,False
17381,1,29,363,8,12.964285714285714,2.230769230769231,186.01477064220185,1326.0,12.600000000000001,20275.61,13,0,2,27,42,False
17386,208,6,157,7,31.4,1.5,95.94357142857143,851.76,1.9,2686.42,4,9,0,6,91,False
17389,42,34,330,0,10.0,3.090909090909091,149.45389671361502,1051.1999999999998,3.84,31833.68,11,2,1,33,35,False
17396,2,7,332,38,55.333333333333336,2.3333333333333335,281.26153846153846,1226.3999999999999,37.5,7312.8,3,10,0,7,223,False
17400,20,5,226,125,56.5,1.25,10.18368932038835,60.0,0.39,2097.84,4,9,0,5,99,True
17402,4,12,364,4,33.09090909090909,1.3333333333333333,44.807758620689654,271.2,0.42,2598.85,9,4,3,9,96,False
17404,13,13,356,3,29.666666666666668,1.3,162.9836923076923,1188.0,9.0,31781.82,10,3,1,12,58,False
17410,158,5,199,15,49.75,1.25,18.98,72.0,4.5600000000000005,1214.72,4,9,2,3,119,False
17412,1,7,369,2,61.5,1.1666666666666667,19.061515151515152,54.0,6.84,1258.06,6,7,0,7,136,False
17416,92,7,251,29,41.833333333333336,1.1666666666666667,25.626096654275095,207.50000000000003,4.68,6893.42,6,7,0,7,77,False
17419,6,12,355,10,32.27272727272727,1.5,20.517330097087378,85.0,4.68,4226.57,8,5,0,12,106,False
17420,0,3,323,49,161.5,1.0,19.961000000000002,39.599999999999994,12.48,598.83,3,10,0,3,202,False
17422,77,6,279,15,55.8,1.0,16.917692307692306,60.0,2.32,1979.37,6,7,1,5,76,False
17426,91,6,274,7,54.8,1.5,18.58767527675277,239.70000000000002,5.04,5037.26,4,9,0,6,106,False
17428,5,28,368,0,13.62962962962963,2.1538461538461537,52.61234756097561,302.40000000000003,2.34,17256.85,13,0,2,26,34,False
17430,8,2,332,32,332.0,1.0,18.982857142857142,39.0,4.5600000000000005,265.76,2,11,0,2,332,False
17434,288,7,82,1,13.666666666666666,1.75,17.715074626865672,83.4,4.15,2373.82,4,9,0,7,34,False
17442,83,6,253,36,50.6,1.0,16.656,49.800000000000004,5.04,2248.56,6,7,0,6,69,False
17449,14,7,357,1,59.5,1.1666666666666667,9.149854545454545,30.0,0.29,2516.21,6,7,0,7,139,False
17450,6,46,359,7,7.977777777777778,3.8333333333333335,578.5440178571429,7144.719999999999,6.84,194390.79,12,1,0,46,57,False
17451,268,7,104,0,17.333333333333332,1.4,17.214000000000002,45.0,2.5,1721.4,5,8,0,7,40,False
17457,34,5,212,126,53.0,1.0,91.4578947368421,367.2,6.72,1737.7,5,8,0,5,78,True
17460,0,6,278,93,55.6,1.2,21.463103448275863,50.400000000000006,10.2,622.4300000000001,5,8,0,6,131,True
17463,60,5,296,15,74.0,1.0,9.018557692307692,35.7,0.85,1875.86,5,8,1,4,126,False
17469,169,5,188,15,47.0,1.0,21.261022727272728,49.5,9.9,1870.97,5,8,0,5,56,False
17470,6,5,323,44,80.75,1.0,14.423974358974359,47.7,2.88,1125.07,5,8,0,5,119,False
17490,197,7,175,0,29.166666666666668,1.75,27.530526315789476,131.39999999999998,1.65,2092.32,4,9,0,7,95,False
17491,6,10,366,0,40.666666666666664,1.25,32.65018348623853,152.64000000000001,6.8,3558.87,8,5,0,10,76,False
17504,51,9,116,205,14.5,2.25,23.598661417322834,122.39999999999999,4.95,2997.0299999999997,4,9,1,8,50,True
17509,310,8,5,57,0.7142857142857143,8.0,16.713296703296706,30.0,6.64,6083.64,1,12,0,8,3,False
17511,0,31,370,2,12.333333333333334,2.3846153846153846,94.5611422637591,745.0,1.17,91062.38,13,0,0,31,28,False
17512,72,10,272,28,30.22222222222222,1.4285714285714286,27.85704761904762,138.24,7.800000000000001,2924.9900000000002,7,6,0,10,70,False
17516,88,5,270,14,67.5,1.25,5.665777777777778,20.650000000000002,0.55,764.88,4,9,2,3,104,False
17519,5,6,351,16,70.2,1.0,22.488048780487805,89.10000000000001,4.25,1844.02,6,7,1,5,116,False
17522,155,5,216,1,54.0,1.25,14.80763888888889,93.6,0.65,1066.15,4,9,1,4,137,False
17526,8,4,360,4,120.0,1.3333333333333333,62.942105263157885,262.79999999999995,10.5,1195.8999999999999,3,10,0,4,286,False
17528,302,8,70,0,10.0,2.0,14.34189723320158,101.69999999999999,0.39,3628.5,4,9,0,8,16,False
17530,8,10,363,0,40.333333333333336,1.25,6.088994845360825,39.8,0.55,2362.53,8,5,0,10,121,False
17552,1,4,311,59,103.66666666666667,1.3333333333333333,18.987959183673468,45.0,9.36,930.41,3,10,0,4,301,False
17554,225,5,146,0,36.5,1.0,22.18693181818182,76.32000000000001,0.39,1952.45,5,8,0,5,63,False
17560,63,5,215,94,53.75,1.25,32.050000000000004,82.5,10.2,865.35,4,9,0,5,98,True
17562,200,7,159,13,26.5,1.1666666666666667,17.81555555555556,49.800000000000004,3.3600000000000003,1122.38,6,7,1,6,36,False
17567,1,8,365,6,52.142857142857146,1.0,26.251393939393935,232.0,6.959999999999999,4331.48,8,5,0,8,84,False
17572,0,4,302,70,100.66666666666667,1.3333333333333333,18.895833333333336,26.099999999999998,13.049999999999999,226.75000000000003,3,10,0,4,138,True
17576,8,19,357,7,19.833333333333332,1.4615384615384615,8.86773631840796,51.0,0.29,3564.83,13,0,0,19,37,False
17581,1,25,371,0,15.458333333333334,2.5,25.114441913439634,195.0,4.68,11025.24,10,3,3,22,67,False
17591,6,7,293,72,48.833333333333336,1.0,14.03611464968153,75.60000000000001,0.55,2203.67,7,6,0,7,80,True
17593,21,5,349,3,87.25,1.0,18.50877358490566,79.80000000000001,0.55,3923.86,5,8,1,4,186,False
17596,5,7,345,22,57.5,1.1666666666666667,10.591283018867925,142.8,0.29,2806.69,6,7,0,7,119,False
17602,49,6,321,1,64.2,1.0,9.173176043557168,252.0,0.55,5054.42,6,7,1,5,199,False
17609,46,5,286,40,71.5,1.25,4.754458874458875,33.9,0.65,1098.28,4,9,3,2,228,False
17611,12,15,353,6,25.214285714285715,1.25,6.986102292768959,46.0,0.29,3961.12,12,1,3,12,51,False
17612,76,6,244,52,48.8,1.0,15.173703703703703,179.0,2.88,2048.45,6,7,0,6,83,False
17613,68,14,282,22,21.692307692307693,1.5555555555555556,14.851470588235294,124.80000000000001,0.85,4544.55,9,4,3,11,52,False
17618,11,3,356,5,178.0,1.0,13.884776119402984,79.9,1.45,930.28,3,10,2,1,242,False
17621,19,3,333,20,166.5,1.0,53.073076923076925,122.39999999999999,10.08,1379.9,3,10,0,3,291,False
17629,14,8,354,5,50.57142857142857,1.0,14.748943089430893,85.0,0.42,1814.12,8,5,2,6,109,False
17634,36,9,301,35,37.625,1.125,7.96820945945946,119.0,0.58,2358.59,8,5,1,8,90,False
17644,113,11,259,0,25.9,1.375,18.443566878980892,74.0,1.65,2895.64,8,5,0,11,57,False
17651,196,10,165,11,18.333333333333332,2.0,17.004310344827587,65.4,2.88,3945.0,5,8,1,9,76,False
17652,92,12,255,24,23.181818181818183,1.7142857142857142,18.794285714285714,69.12,1.44,4867.72,7,6,0,12,60,False
17655,7,7,355,10,59.166666666666664,1.1666666666666667,28.99934065934066,197.1,7.800000000000001,2638.94,6,7,1,6,93,False
17656,245,5,55,72,13.75,2.5,20.423048780487804,89.5,4.5600000000000005,1674.69,2,11,0,5,18,True
17659,1,12,354,16,32.18181818181818,1.7142857142857142,18.98392405063291,53.1,4.68,2999.46,7,6,0,12,98,False
17663,86,7,261,25,43.5,1.1666666666666667,20.96406976744186,59.95,9.959999999999999,1802.91,6,7,0,7,70,False
17667,75,5,232,65,58.0,1.25,17.737692307692306,51.0,6.72,2075.31,4,9,0,5,95,False
17669,124,7,206,42,34.333333333333336,1.1666666666666667,50.09882352941177,179.0,6.8,3406.7200000000003,6,7,0,7,47,False
17671,8,4,349,15,116.33333333333333,1.0,29.67377358490566,232.0,4.5600000000000005,1572.71,4,9,0,4,154,False
17673,53,6,318,1,63.6,1.2,7.316376146788991,69.0,0.84,1594.97,5,8,1,5,95,False
17674,5,2,294,73,294.0,1.0,20.40888888888889,152.64000000000001,5.04,551.04,2,11,0,2,294,True
17675,6,31,366,0,12.2,2.3846153846153846,28.89968794326241,163.2,4.68,20374.28,13,0,2,29,31,False
17676,7,6,362,3,72.4,1.5,17.807532467532468,50.400000000000006,8.5,1371.18,4,9,0,6,235,False
17677,5,30,367,1,12.655172413793103,2.3076923076923075,53.94514851485148,249.00000000000003,2.88,16345.38,13,0,1,29,48,False
17682,5,6,358,9,71.6,1.0,20.968898305084746,39.6,6.72,2474.33,6,7,0,6,120,False
17685,1,7,355,16,59.166666666666664,1.1666666666666667,24.849055118110236,174.0,1.26,3155.83,6,7,0,7,178,False
17686,71,7,295,6,49.166666666666664,1.4,20.06804195804196,81.6,4.68,5739.46,5,8,0,7,102,False
17690,0,15,342,29,24.428571428571427,1.6666666666666667,18.757142857142856,250.0,1.25,4726.8,9,4,3,12,84,False
17696,9,8,326,37,46.57142857142857,1.3333333333333333,19.875739130434784,97.80000000000001,5.04,2285.71,6,7,1,7,91,False
17705,72,9,298,2,37.25,1.125,17.70407766990291,51.0,7.9,1823.52,8,5,1,8,58,False
17706,7,17,362,3,22.625,2.4285714285714284,27.498664921465966,150.0,0.95,10504.49,7,6,1,16,102,False
17716,106,11,245,22,24.5,1.8333333333333333,23.085673469387753,102.0,6.8,5655.99,6,7,1,10,72,False
17719,118,15,217,37,15.5,1.875,19.693576642335767,90.0,2.88,5396.04,8,5,1,14,37,False
17720,6,4,341,25,113.66666666666667,1.0,23.9188,102.0,9.959999999999999,1195.94,4,9,1,3,142,False
17722,7,4,270,95,90.0,1.0,21.078608695652175,306.0,4.5600000000000005,2424.04,4,9,1,3,135,True
17723,159,6,87,126,17.4,1.5,327.64000000000004,830.0000000000001,29.5,3276.4000000000005,4,9,0,6,28,True
17725,106,11,250,15,25.0,1.2222222222222223,17.911875,88.80000000000001,4.5600000000000005,3439.08,9,4,2,9,33,False
17730,47,13,323,2,26.916666666666668,1.3,24.304954128440368,204.0,3.4799999999999995,5298.4800000000005,10,3,0,13,48,False
17735,6,19,365,1,20.27777777777778,1.4615384615384615,19.000028985507246,104.04,0.19,13110.02,13,0,2,17,50,False
17739,13,7,348,11,58.0,1.1666666666666667,59.39042553191489,212.4,14.850000000000001,2791.35,6,7,0,7,136,False
17744,15,6,354,3,70.8,1.2,17.076470588235296,60.0,4.5600000000000005,2322.4,5,8,1,5,224,False
17750,209,9,158,4,19.75,1.2857142857142858,9.30857142857143,40.32,0.21,1694.16,7,6,2,7,30,False
17754,113,5,259,0,64.75,1.0,18.703932584269666,179.0,0.85,1664.65,5,8,0,5,118,False
17757,1,30,370,0,12.758620689655173,2.3076923076923075,7.563518267929635,252.0,0.42,5589.4400000000005,13,0,3,27,26,False
17758,123,8,230,18,32.857142857142854,1.3333333333333333,8.436138613861386,34.0,0.42,3408.2000000000003,6,7,6,2,73,False
17760,0,2,351,21,351.0,1.0,11.503599999999999,30.599999999999998,2.25,287.59,2,11,0,2,351,False
17769,53,10,308,12,34.22222222222222,1.6666666666666667,13.017861842105262,85.92,0.55,3957.43,6,7,7,3,104,False
17770,91,5,83,198,20.75,2.5,30.086052631578948,102.0,0.95,1143.27,2,11,0,5,63,True
17790,9,14,338,26,26.0,1.75,10.393121693121692,58.0,0.95,1964.3,8,5,2,12,58,False
17796,4,4,329,39,109.66666666666667,1.3333333333333333,8.518518518518519,39.6,0.85,690.0,3,10,4,0,273,False
17799,12,10,339,21,37.666666666666664,1.4285714285714286,7.522698019801981,50.849999999999994,0.65,3039.17,7,6,0,10,77,False
17800,39,9,296,36,37.0,1.125,11.62950980392157,60.0,0.65,1186.21,8,5,3,6,61,False
17802,1,3,290,81,145.0,1.0,9.178857142857142,70.8,0.55,1285.04,3,10,2,1,192,True
17809,0,12,357,15,32.45454545454545,1.5,88.71983606557377,425.0,0.95,5411.91,8,5,0,12,69,False
17811,40,39,329,3,8.657894736842104,3.25,9.377412333736396,204.0,0.19,7755.12,12,1,8,31,22,False
17812,5,4,355,12,118.33333333333333,2.0,5.261729323308271,30.0,0.38,699.81,2,11,1,3,329,False
17813,302,5,57,13,14.25,1.6666666666666667,4.879511494252873,39.8,0.29,1698.07,3,10,0,5,24,False
17816,8,4,328,36,109.33333333333333,1.0,2.150588235294118,5.1,0.42,36.56,4,9,0,4,203,False
17819,2,7,299,71,49.833333333333336,1.1666666666666667,77.18479166666667,350.4,1.1,3704.87,6,7,2,5,110,True
17827,9,5,359,4,89.75,1.6666666666666667,9.24339534883721,50.8,0.19,1987.33,3,10,1,4,236,False
17837,210,8,120,41,17.142857142857142,2.0,9.536211180124223,59.699999999999996,0.42,1535.33,4,9,1,7,72,False
17838,1,5,345,26,86.25,1.25,23.254700854700857,125.0,3.3,2720.8,4,9,3,2,203,False
17841,0,124,371,1,3.016260162601626,9.538461538461538,5.281856006260597,349.5,0.29,40495.99,13,0,20,104,15,False
17848,15,9,276,80,34.5,1.125,17.670588235294115,148.72,0.5700000000000001,901.1999999999999,8,5,0,9,80,True
17850,0,34,1,371,0.030303030303030304,34.0,18.15222222222222,107.25,6.36,5391.21,1,12,0,34,0,True
17857,8,22,361,3,17.19047619047619,2.0,527.1154166666666,1695.0,5.5,25301.54,11,2,0,22,61,False
17858,4,12,363,5,33.0,1.3333333333333333,26.09472081218274,163.2,1.1,5140.66,9,4,4,8,93,False
17861,54,8,316,2,45.142857142857146,1.6,9.579360730593608,61.199999999999996,0.39,2097.88,5,8,0,8,106,False
17863,4,6,310,58,62.0,1.0,21.35135135135135,102.0,5.04,3160.0,6,7,2,4,109,False
17865,9,20,333,30,17.526315789473685,1.8181818181818181,28.520921409214097,285.6,1.25,10524.220000000001,11,2,0,20,61,False
17867,85,6,258,29,51.6,1.5,17.027500000000003,561.6,0.19,1157.8700000000001,4,9,0,6,113,False
17869,5,5,260,106,65.0,1.25,10.7045,45.0,0.42,428.18,4,9,1,4,122,True
17870,6,12,364,1,33.09090909090909,1.7142857142857142,6.910703703703704,326.4,0.29,1865.89,7,6,0,12,231,False
17873,0,5,293,79,73.25,1.0,40.94238095238096,106.2,1.95,1719.5800000000002,5,8,0,5,104,True
17874,118,6,70,184,14.0,2.0,14.857826086956523,76.45,2.08,683.46,3,10,0,6,39,True
17884,2,4,367,3,122.33333333333333,1.3333333333333333,6.151061946902654,42.5,0.42,695.0699999999999,3,10,0,4,308,False
17888,16,8,335,20,47.857142857142854,1.1428571428571428,11.015384615384615,72.0,0.95,716.0,7,6,0,8,105,False
17894,7,8,294,71,42.0,2.0,5.856230366492146,149.25,0.39,1118.54,4,9,2,6,188,True
17905,0,4,302,70,100.66666666666667,1.3333333333333333,24.21181818181818,181.25,1.25,798.99,3,10,0,4,195,True
17912,9,5,54,309,13.5,2.5,8.38,34.0,0.95,310.06,2,11,0,5,48,True
17913,18,2,296,58,296.0,1.0,7.0456896551724135,33.199999999999996,0.85,408.65,2,11,1,1,296,False
17917,11,3,317,44,158.5,1.0,3.6416304347826083,16.95,0.8,335.03,3,10,1,2,210,False
17920,0,17,369,3,23.0625,1.7,6.186144578313254,76.5,0.12,4107.6,10,3,3,14,78,False
17924,0,7,361,11,60.166666666666664,1.75,95.56451612903226,367.20000000000005,21.0,2962.5,4,9,0,7,233,False
17930,134,5,203,35,50.75,1.0,44.62769230769231,201.6,7.4399999999999995,1740.48,5,8,0,5,90,False
17937,11,7,353,8,58.833333333333336,1.1666666666666667,100.02837209302326,261.6,21.599999999999998,4301.22,6,7,2,5,143,False
17940,71,9,253,48,31.625,1.2857142857142858,126.59882352941179,285.12,54.0,2152.1800000000003,7,6,0,9,58,False
17949,2,44,370,0,8.604651162790697,3.3846153846153846,841.0214492753623,4401.0,23.2,58030.48,13,0,0,44,47,False
17950,8,3,293,71,146.5,1.5,6.791549295774648,37.5,0.21,482.2,2,11,0,3,292,True
17951,0,3,333,39,166.5,1.5,50.42700000000001,177.60000000000002,6.959999999999999,1008.5400000000001,2,11,0,3,318,False
17954,2,12,365,4,33.18181818181818,1.3333333333333333,4.851425576519916,60.48,0.39,2314.13,9,4,3,9,62,False
17961,1,39,350,20,9.210526315789474,3.5454545454545454,5.206586345381527,125.0,0.29,1296.44,11,2,1,38,39,False
17964,1,2,340,31,340.0,1.0,4.726632653061224,29.75,0.42,463.21,2,11,0,2,340,False
17965,4,14,331,37,25.46153846153846,1.5555555555555556,7.997507692307693,31.8,0.42,2599.19,9,4,1,13,88,False
17966,112,5,223,37,55.75,1.25,16.15338235294118,72.0,0.78,1098.43,4,9,0,5,113,False
17975,7,13,351,14,29.25,1.3,15.342328767123288,98.10000000000001,0.42,4479.96,10,3,1,12,50,False
17988,47,7,314,11,52.333333333333336,1.75,5.292631578947368,39.95,0.29,201.12,4,9,4,3,165,False
17997,209,8,89,73,12.714285714285714,2.6666666666666665,11.966219512195122,97.80000000000001,0.29,1962.46,3,10,1,7,34,True
17999,7,2,329,36,329.0,1.0,4.18010989010989,19.8,0.38,380.39,2,11,0,2,329,False
18008,55,9,248,69,31.0,1.8,70.53966666666666,615.0,0.84,2116.19,5,8,0,9,129,True
18016,9,5,331,31,82.75,1.0,12.111967213114754,42.5,1.7,1477.66,5,8,0,5,128,False
18037,11,6,207,153,41.4,1.2,3.685263157894737,19.95,0.42,70.02,5,8,2,4,70,True
18041,1,21,361,11,18.05,1.9090909090909092,8.94622270742358,102.0,0.21,4097.37,11,2,1,20,39,False
18043,7,3,342,24,171.0,1.0,4.6025217391304345,23.9,0.42,529.29,3,10,0,3,182,False
18044,13,10,356,3,39.55555555555556,1.25,16.445669291338582,76.5,5.04,2088.6,8,5,1,9,78,False
18055,4,10,362,6,40.22222222222222,1.4285714285714286,18.88642458100559,127.5,0.85,6761.34,7,6,1,9,87,False
18061,7,10,344,21,38.22222222222222,1.0,46.0741304347826,228.96,5.04,2119.41,10,3,0,10,44,False
18065,9,14,358,5,27.53846153846154,2.3333333333333335,17.465912408759124,35.7,6.6000000000000005,2392.83,6,7,3,11,96,False
18069,46,5,301,25,75.25,1.0,4.396586433260394,34.5,0.38,2009.24,5,8,3,2,92,False
18073,176,12,82,113,7.454545454545454,3.0,53.60861111111112,305.28000000000003,7.800000000000001,3859.82,4,9,0,12,14,True
18075,13,10,337,22,37.44444444444444,1.1111111111111112,18.392605633802816,70.80000000000001,2.88,2611.75,9,4,0,10,57,False
18077,7,11,358,7,35.8,1.375,11.589282511210762,85.92,0.83,2584.41,8,5,4,7,92,False
18092,8,11,363,1,36.3,1.375,101.89056179775281,432.0,15.299999999999999,9068.26,8,5,0,11,102,False
18094,82,7,210,81,35.0,1.4,43.104285714285716,432.0,6.6000000000000005,3017.3,5,8,0,7,82,True
18097,19,6,346,7,69.2,1.2,25.116981132075473,108.48,5.04,2662.4,5,8,0,6,134,False
18102,6,60,366,0,6.203389830508475,5.0,602.45313225058,3828.0,3.26,259657.3,12,1,0,60,60,False
18109,4,26,368,1,14.72,2.0,18.151746031746033,240.89999999999998,0.55,8004.92,13,0,9,17,43,False
18116,9,8,296,67,42.285714285714285,2.0,3.7824594594594596,44.46,0.12,1399.51,4,9,1,7,166,False
18118,4,26,358,10,14.32,2.3636363636363638,4.455372424722663,72.0,0.29,5622.68,11,2,3,23,56,False
18122,223,6,142,7,28.4,1.2,5.04743661971831,39.95,0.39,1791.84,5,8,1,5,66,False
18135,183,5,161,28,40.25,1.6666666666666667,34.0955,171.84,1.45,681.9100000000001,3,10,0,5,110,False
18139,355,6,0,17,0.0,6.0,53.07132075471698,622.5,10.5,8438.34,1,12,0,6,0,False
18144,0,12,365,7,33.18181818181818,1.2,67.18023255813954,232.0,7.5,2888.75,10,3,0,12,55,False
18156,4,2,356,12,356.0,1.0,5.538032786885246,25.5,0.55,675.64,2,11,2,0,356,False
18161,54,5,304,14,76.0,1.0,20.233625,63.75,6.959999999999999,1618.69,5,8,0,5,112,False
18168,1,6,196,175,39.2,1.2,8.923384615384615,39.8,0.84,1160.04,5,8,0,6,63,True
18171,40,5,274,58,68.5,1.0,22.802037037037035,81.12,7.800000000000001,1231.31,5,8,0,5,95,False
18172,84,20,275,14,14.473684210526315,2.5,40.00888888888889,326.4,10.2,7561.68,8,5,0,20,62,False
18177,118,6,224,30,44.8,1.2,18.368082191780825,62.400000000000006,0.55,1340.8700000000001,5,8,0,6,126,False
18179,37,6,327,8,65.4,1.2,19.924111111111113,210.0,8.2,1793.17,5,8,0,6,199,False
18180,231,6,137,4,27.4,1.5,15.493697478991596,38.25,4.68,1843.75,4,9,0,6,54,False
18198,37,17,332,3,20.75,1.5454545454545454,34.12301886792453,305.28000000000003,2.2,5425.56,11,2,1,16,56,False
18210,106,6,265,1,53.0,1.5,19.562537313432838,75.60000000000001,4.68,2621.38,4,9,0,6,215,False
18211,95,5,252,25,63.0,1.0,14.287380952380953,47.7,1.95,600.07,5,8,1,4,142,False
18219,5,10,366,2,40.666666666666664,1.25,18.155877192982455,50.0,5.04,2069.77,8,5,0,10,106,False
18221,162,5,189,21,47.25,1.0,16.27515625,39.6,7.800000000000001,1041.61,5,8,0,5,68,False
18223,15,14,353,4,27.153846153846153,1.4,23.840220588235294,177.60000000000002,5.04,6484.54,10,3,2,12,47,False
18225,8,12,361,2,32.81818181818182,1.2,20.46453531598513,138.72,1.95,5504.96,10,3,1,11,59,False
18226,36,11,293,43,29.3,1.2222222222222223,21.603512396694217,101.76,1.45,5228.05,9,4,2,9,82,False
18229,0,20,361,11,19.0,1.6666666666666667,44.37134146341464,272.0,8.5,7276.900000000001,12,1,3,17,36,False
18230,71,7,293,8,48.833333333333336,1.1666666666666667,32.67674418604651,162.72,6.6000000000000005,2810.2000000000003,6,7,1,6,79,False
18231,85,5,96,191,24.0,1.25,16.843658536585366,52.199999999999996,1.65,2071.77,4,9,0,5,43,True
18236,133,6,210,29,42.0,1.0,18.004897959183673,44.550000000000004,6.8,882.24,6,7,0,6,54,False
18237,239,5,131,2,32.75,1.0,16.181967213114753,34.8,8.7,987.1,5,8,0,5,62,False
18239,1,5,153,218,38.25,1.25,17.745568181818182,51.0,5.04,1561.6100000000001,4,9,0,5,52,True
18241,156,17,208,9,13.0,2.4285714285714284,19.933557692307694,59.400000000000006,5.04,2073.09,7,6,0,17,41,False
18245,18,7,347,6,57.833333333333336,1.4,14.668914285714285,39.8,4.5600000000000005,2567.06,5,8,1,6,142,False
18257,77,8,256,38,36.57142857142857,1.6,19.81042372881356,104.0,8.5,2337.63,5,8,0,8,83,False
18259,7,3,341,24,170.5,1.0,55.68095238095239,135.0,12.600000000000001,2338.6000000000004,3,10,0,3,281,False
18260,15,6,185,172,37.0,1.0,19.76203007518797,81.12,6.959999999999999,2628.35,6,7,1,5,64,True
18272,127,6,244,2,48.8,1.2,18.54566265060241,67.5,6.64,3078.58,5,8,0,6,74,False
18283,36,16,333,3,22.2,1.6,2.8366898470097355,20.8,0.29,2039.58,10,3,1,15,52,False
